acquisition_campaignID,NPU_Count,First_GMV,Avg_First_Amount,Median_First_Amount,Total_First_Discount,Avg_First_Discount,Dominant_First_Category,Dominant_Promotion_Type,First_month_min,First_month_max,First_Subsidy_Rate,Repeat_Rate,D7_Retention,D30_Retention,D60_Retention,Avg_Post_Tx,Avg_Post_GMV,Avg_Post_Discount,Post_Non_Promo_Tx_Share,Avg_Post_Category_Count,Avg_Post_Merchant_Count
5483,1,230000,230000.0,230000.0,15000,15000.0,Unknown_Group,voucher,2022-06-12 12:06:36.073,2022-06-12 12:06:36.073,0.0652173913043478,1.0,1.0,1.0,1.0,3.0,40000.0,9000.0,0.6666666666666666,1.0,1.0
5489,1,50000,50000.0,50000.0,15000,15000.0,Unknown_Group,voucher,2022-10-19 09:22:07.080,2022-10-19 09:22:07.080,0.3,1.0,1.0,1.0,1.0,3.0,688343.0,65000.0,0.0,1.0,2.0
5736,20,20000,1000.0,1000.0,19800,990.0,Goods_Transaction,voucher,2022-10-26 16:53:32.453,2022-11-29 06:20:19.505,0.99,0.45,0.25,0.4,0.4444444444444444,3.35,109385.1,2985.0,0.5074626865671642,0.6,0.8
6306,2,60000,30000.0,30000.0,20000,10000.0,Access_Service,voucher,2022-06-12 06:09:35.203,2022-11-20 23:35:54.588,0.3333333333333333,0.0,0.0,0.0,0.0,0.0,0.0,0.0,0.0,0.0,0.0
6311,3,160000,53333.333333333336,55000.0,45000,15000.0,Goods_Transaction,voucher,2022-06-11 13:44:09.311,2022-08-04 09:29:26.774,0.28125,0.0,0.0,0.0,0.0,0.0,0.0,0.0,0.0,0.0,0.0
6312,12,240000,20000.0,20000.0,60000,5000.0,Goods_Transaction,voucher,2022-07-28 09:57:35.327,2022-11-26 23:31:35.509,0.25,0.5,0.1666666666666666,0.5,0.5454545454545454,0.6666666666666666,158978.25,0.0,1.0,0.5,0.5
6313,1,253852,253852.0,253852.0,10000,10000.0,Obligation_Payment,voucher,2022-06-16 13:39:36.380,2022-06-16 13:39:36.380,0.0393930321604714,0.0,0.0,0.0,0.0,0.0,0.0,0.0,0.0,0.0,0.0
6317,1,100000,100000.0,100000.0,10000,10000.0,Obligation_Payment,voucher,2022-07-30 08:03:02.709,2022-07-30 08:03:02.709,0.1,0.0,0.0,0.0,0.0,0.0,0.0,0.0,0.0,0.0,0.0
6580,50,2878000,57560.0,50000.0,500000,10000.0,Goods_Transaction,voucher,2022-06-02 08:21:42.979,2022-09-15 16:14:25.803,0.1737317581653926,0.04,0.02,0.02,0.02,0.18,61337.6,1200.0,0.5555555555555556,0.06,0.12
6581,4,290000,72500.0,63000.0,40000,10000.0,OnDemand_Service,voucher,2022-06-27 10:10:01.114,2022-10-05 18:01:56.623,0.1379310344827586,0.5,0.5,0.5,0.5,3.75,457398.25,32500.0,0.3333333333333333,1.0,1.0
6589,3,150000,50000.0,50000.0,15000,5000.0,Access_Service,voucher,2022-08-11 13:22:08.221,2022-10-02 07:12:54.572,0.1,0.6666666666666666,0.3333333333333333,0.6666666666666666,0.6666666666666666,11.0,14743470.666666666,102333.33333333331,0.1212121212121212,1.6666666666666667,2.333333333333333
6685,28,3102800,110814.28571428572,110000.0,1503000,53678.57142857143,Unknown_Group,direct discount,2022-06-09 09:39:36.490,2022-06-30 22:00:12.634,0.4844011860255253,0.8214285714285714,0.3214285714285714,0.5714285714285714,0.75,5.821428571428571,1069002.5357142857,12892.857142857143,0.8834355828220859,1.5714285714285714,1.8928571428571428
6811,26,4100000,157692.3076923077,175000.0,1996000,76769.23076923077,Unknown_Group,direct discount,2022-06-09 14:02:48.376,2022-06-30 19:55:45.384,0.4868292682926829,0.6538461538461539,0.2307692307692307,0.4230769230769231,0.5384615384615384,7.615384615384615,620192.8076923077,43961.15384615384,0.6919191919191919,1.5,2.0
7048,18,305160,16953.333333333332,18000.0,90000,5000.0,Access_Service,voucher,2022-06-04 19:57:36.879,2022-08-19 20:24:49.356,0.2949272512780181,1.0,0.6111111111111112,0.8888888888888888,1.0,34.166666666666664,1143169.111111111,74553.88888888889,0.8357723577235773,1.7222222222222223,3.9444444444444446
7049,62,8654484,139588.4516129032,103052.5,1240000,20000.0,Obligation_Payment,voucher,2022-06-04 11:29:07.886,2022-08-20 11:15:58.578,0.1432783283209028,0.8870967741935484,0.3548387096774194,0.6774193548387096,0.8225806451612904,10.225806451612904,2996817.080645161,23691.25806451613,0.8485804416403786,1.6612903225806452,2.8225806451612905
7050,32,7862065,245689.53125,194499.5,640000,20000.0,Obligation_Payment,voucher,2022-06-04 12:31:55.707,2022-09-08 10:45:31.327,0.0814035498307378,0.90625,0.25,0.65625,0.875,11.34375,3369127.40625,25312.5,0.8484848484848485,1.6875,2.53125
7052,63,34292034,544318.0,253300.0,315000,5000.0,Goods_Transaction,voucher,2022-06-02 09:41:03.764,2022-08-17 10:36:06.883,0.0091858068261567,0.6666666666666666,0.2063492063492063,0.4603174603174603,0.492063492063492,5.746031746031746,1951018.873015873,11126.984126984127,0.8674033149171271,1.2698412698412698,1.5873015873015872
7053,13,2060000,158461.53846153847,130000.0,195000,15000.0,Unknown_Group,voucher,2022-06-04 17:49:16.881,2022-08-18 13:27:12.514,0.0946601941747572,0.7692307692307693,0.3846153846153846,0.5384615384615384,0.6153846153846154,4.230769230769231,375534.1538461539,22000.0,0.6727272727272727,1.1538461538461535,1.3846153846153846
7054,60,14391450,239857.5,215000.0,900000,15000.0,Unknown_Group,voucher,2022-06-01 12:17:33.758,2022-08-18 16:16:14.153,0.0625371314217816,0.6333333333333333,0.1833333333333333,0.4166666666666667,0.55,3.716666666666667,628722.0833333334,22233.33333333333,0.7533632286995515,1.1666666666666667,1.5166666666666666
7059,2,3593840,1796920.0,1796920.0,300000,150000.0,Mobility_Service,voucher,2022-06-27 12:20:25.973,2022-08-05 18:12:16.144,0.0834761703359081,1.0,0.5,1.0,1.0,3.0,1584604.5,35000.0,0.5,2.0,2.0
7060,3,12492240,4164080.0,4534000.0,600000,200000.0,Mobility_Service,voucher,2022-06-22 21:34:50.029,2022-07-16 10:27:21.076,0.0480298169103379,0.3333333333333333,0.3333333333333333,0.3333333333333333,0.3333333333333333,2.0,1128000.0,98333.33333333331,0.0,1.3333333333333333,1.6666666666666667
7062,2,816000,408000.0,408000.0,40000,20000.0,Goods_Transaction,voucher,2022-08-08 13:01:29.057,2022-08-15 10:24:22.396,0.0490196078431372,1.0,0.5,0.5,0.5,7.0,2836775.5,42500.0,0.7142857142857143,1.5,2.5
7066,1,69000,69000.0,69000.0,10000,10000.0,Interactive_Service,voucher,2022-06-08 20:36:01.184,2022-06-08 20:36:01.184,0.144927536231884,1.0,1.0,1.0,1.0,1.0,22000.0,0.0,1.0,1.0,1.0
7067,1,100000,100000.0,100000.0,20000,20000.0,Interactive_Service,voucher,2022-06-18 19:16:37.033,2022-06-18 19:16:37.033,0.2,0.0,0.0,0.0,0.0,0.0,0.0,0.0,0.0,0.0,0.0
7068,4,516000,129000.0,99000.0,120000,30000.0,Interactive_Service,voucher,2022-06-21 12:27:25.834,2022-07-22 19:42:43.627,0.2325581395348837,1.0,0.25,0.5,0.5,8.5,393824.25,24500.0,0.6176470588235294,2.0,3.5
7069,1,140000,140000.0,140000.0,15000,15000.0,Financial_Service,voucher,2022-07-13 20:41:00.177,2022-07-13 20:41:00.177,0.1071428571428571,1.0,1.0,1.0,1.0,1.0,110000.0,0.0,1.0,1.0,1.0
7075,3,507000,169000.0,169000.0,60000,20000.0,Daily_Consumption,voucher,2022-06-10 18:39:22.044,2022-06-20 19:07:20.502,0.1183431952662721,0.6666666666666666,0.3333333333333333,0.6666666666666666,0.6666666666666666,6.333333333333333,457694.0,78666.66666666667,0.3684210526315789,1.3333333333333333,2.333333333333333
7077,2,470000,235000.0,235000.0,40000,20000.0,Daily_Consumption,voucher,2022-06-01 11:53:42.116,2022-06-12 11:44:56.169,0.0851063829787234,0.5,0.0,0.0,0.0,1.0,600500.0,495.0,0.5,1.0,1.0
7080,1,101000,101000.0,101000.0,15000,15000.0,Daily_Consumption,voucher,2022-08-13 19:54:04.546,2022-08-13 19:54:04.546,0.1485148514851485,1.0,0.0,0.0,0.0,1.0,38200.0,10000.0,0.0,1.0,1.0
7289,543,552000,1016.5745856353592,1000.0,537580,990.0184162062616,Goods_Transaction,voucher,2022-06-01 02:23:25.129,2022-10-07 18:46:59.205,0.9738768115942028,0.5911602209944752,0.3186003683241252,0.4898710865561694,0.5340699815837937,4.858195211786372,319352.8968692449,9331.252302025783,0.7657316148597423,1.003683241252302,1.5267034990791897
7421,1355,78239202,57741.10848708487,20000.0,13550000,10000.0,Access_Service,voucher,2022-06-01 00:02:22.282,2022-09-14 21:42:38.165,0.1731868379741398,0.5911439114391144,0.2531365313653136,0.444280442804428,0.5151291512915129,9.12619926199262,1146210.6974169742,15502.311439114392,0.8541969917515769,0.9461254612546124,1.422878228782288
7422,536,6000000,11194.029850746268,10000.0,2680000,5000.0,Access_Service,voucher,2022-06-01 08:18:21.449,2022-09-08 08:48:37.469,0.4466666666666666,0.458955223880597,0.1940298507462686,0.3208955223880597,0.3861940298507462,8.345149253731343,489585.25373134325,13758.371268656716,0.8694388553543483,0.7910447761194029,1.2220149253731345
7423,44,2177880,49497.27272727273,23950.0,220000,5000.0,Access_Service,voucher,2022-06-01 11:33:00.208,2022-09-03 17:43:07.904,0.1010156666115672,0.8181818181818182,0.3636363636363636,0.6363636363636364,0.75,9.840909090909092,520035.5227272727,14885.227272727272,0.8314087759815243,1.25,1.9772727272727275
7424,434,202348233,466240.168202765,298441.5,15190000,35000.0,Obligation_Payment,voucher,2022-06-01 17:18:08.790,2022-08-26 09:57:26.529,0.0750686070977452,0.5875576036866359,0.1751152073732718,0.4308755760368664,0.5161290322580645,5.414746543778802,1778044.6221198156,15046.912442396311,0.7625531914893617,1.076036866359447,1.4838709677419355
7425,76,10119799,133155.25,88667.0,1520000,20000.0,Obligation_Payment,voucher,2022-06-04 09:14:57.750,2022-08-18 15:29:21.144,0.1502006116919911,0.6578947368421053,0.3289473684210526,0.5263157894736842,0.5921052631578947,6.052631578947368,1486820.8421052631,30513.157894736843,0.6891304347826087,1.381578947368421,2.3157894736842106
7426,26,5774945,222113.2692307692,184591.0,520000,20000.0,Obligation_Payment,voucher,2022-06-03 19:54:54.456,2022-08-15 15:37:19.697,0.0900441476066005,0.5769230769230769,0.3076923076923077,0.5,0.5769230769230769,5.230769230769231,1177728.076923077,20576.92307692308,0.7352941176470589,1.0384615384615383,1.5769230769230769
7427,48,91826530,1913052.7083333333,1518890.0,960000,20000.0,Obligation_Payment,voucher,2022-06-03 16:59:38.010,2022-08-23 08:26:33.747,0.010454495013587,0.75,0.2291666666666666,0.5833333333333334,0.7291666666666666,11.25,7816953.395833333,19350.625,0.8703703703703703,1.2916666666666667,1.9375
7428,12,5429000,452416.6666666667,183500.0,360000,30000.0,Obligation_Payment,voucher,2022-06-04 15:50:36.329,2022-07-20 07:47:00.766,0.0663105544299134,0.1666666666666666,0.0,0.0833333333333333,0.1666666666666666,0.8333333333333334,129006.83333333331,2083.333333333333,0.7,0.25,0.25
7429,2,2193500,1096750.0,1096750.0,50000,25000.0,Obligation_Payment,voucher,2022-06-02 14:03:41.302,2022-08-04 09:38:23.282,0.0227946204695691,1.0,0.0,0.5,1.0,10.0,6169685.5,32500.0,0.85,1.5,2.0
7430,72,7552990,104902.63888888888,71875.0,1080000,15000.0,OnDemand_Service,voucher,2022-06-01 12:15:58.475,2022-08-17 19:50:50.721,0.1429897298950481,0.8888888888888888,0.5555555555555556,0.7083333333333334,0.8055555555555556,10.180555555555555,1273926.0555555555,21027.777777777777,0.8635743519781719,1.75,2.138888888888889
7431,25,6603526,264141.04,217000.0,250000,10000.0,Goods_Transaction,voucher,2022-06-02 07:16:01.972,2022-08-12 14:49:08.464,0.0378585622287244,0.64,0.28,0.56,0.56,4.16,462452.68,17742.4,0.7403846153846154,1.2,1.52
7432,1,429000,429000.0,429000.0,20000,20000.0,Goods_Transaction,voucher,2022-07-21 20:13:24.582,2022-07-21 20:13:24.582,0.0466200466200466,1.0,1.0,1.0,1.0,17.0,2447756.0,130000.0,0.4705882352941176,3.0,7.0
7433,51,9669630,189600.58823529413,180000.0,1530000,30000.0,Unknown_Group,voucher,2022-06-01 17:26:28.171,2022-08-04 17:19:32.117,0.1582273571998101,0.6862745098039216,0.3333333333333333,0.5098039215686274,0.5686274509803921,4.470588235294118,920036.5490196078,44646.64705882353,0.5833333333333334,1.6274509803921569,2.196078431372549
7434,3,207000,69000.0,69000.0,90000,30000.0,Interactive_Service,voucher,2022-06-20 22:59:18.939,2022-07-24 20:43:15.116,0.4347826086956521,1.0,0.6666666666666666,1.0,1.0,3.6666666666666665,1180868.3333333333,22666.666666666668,0.8181818181818182,1.6666666666666667,2.333333333333333
7436,5,7441160,1488232.0,1484440.0,500000,100000.0,Mobility_Service,voucher,2022-06-04 16:15:20.487,2022-08-14 09:09:12.231,0.0671938246187422,0.4,0.0,0.4,0.4,6.2,110930.0,3000.0,0.935483870967742,0.4,0.6
7437,1,1981240,1981240.0,1981240.0,150000,150000.0,Mobility_Service,voucher,2022-06-22 21:29:37.226,2022-06-22 21:29:37.226,0.075710161313117,0.0,0.0,0.0,0.0,0.0,0.0,0.0,0.0,0.0,0.0
7438,10,33018760,3301876.0,2584140.0,2000000,200000.0,Mobility_Service,voucher,2022-06-02 17:23:16.615,2022-08-21 10:22:05.248,0.0605716265541165,0.8,0.3,0.5,0.5,20.5,3025770.8,39800.0,0.9121951219512195,1.4,2.3
7439,3,226000,75333.33333333333,52000.0,30000,10000.0,Goods_Transaction,voucher,2022-06-01 17:33:49.652,2022-07-11 22:57:37.453,0.1327433628318584,1.0,0.6666666666666666,0.6666666666666666,0.6666666666666666,5.0,189373.3333333333,3333.333333333333,0.9333333333333332,2.0,2.333333333333333
7440,1,67000,67000.0,67000.0,10000,10000.0,Goods_Transaction,voucher,2022-08-05 19:48:49.332,2022-08-05 19:48:49.332,0.1492537313432835,1.0,1.0,1.0,1.0,6.0,277473.0,60000.0,0.1666666666666666,2.0,3.0
7441,5,2748890,549778.0,408690.0,100000,20000.0,Goods_Transaction,voucher,2022-07-02 09:59:27.721,2022-07-30 12:23:08.781,0.0363783199764268,1.0,0.4,0.6,0.8,14.4,4893705.6,106594.0,0.4305555555555556,2.8,5.4
7444,1,300000,300000.0,300000.0,20000,20000.0,Goods_Transaction,voucher,2022-08-02 23:25:01.840,2022-08-02 23:25:01.840,0.0666666666666666,1.0,1.0,1.0,1.0,62.0,15396009.0,529000.0,0.4193548387096774,4.0,14.0
7447,2,163400,81700.0,81700.0,40000,20000.0,Daily_Consumption,voucher,2022-06-09 10:41:37.139,2022-08-01 14:37:06.882,0.244798041615667,1.0,0.5,0.5,0.5,2.5,162000.0,15000.0,0.6,2.0,2.0
7450,1,112000,112000.0,112000.0,30000,30000.0,Daily_Consumption,voucher,2022-07-23 18:52:49.245,2022-07-23 18:52:49.245,0.2678571428571428,1.0,1.0,1.0,1.0,31.0,8177100.0,208980.0,0.4838709677419355,4.0,6.0
7559,2,40000,20000.0,20000.0,20000,10000.0,Access_Service,voucher,2022-06-01 10:58:35.171,2022-06-01 19:23:27.284,0.5,1.0,1.0,1.0,1.0,17.5,1043000.0,14499.5,0.8857142857142857,2.0,4.0
7623,809,64792951,80090.17428924599,50000.0,8090000,10000.0,Access_Service,voucher,2022-06-01 02:44:39.394,2022-09-17 19:20:59.677,0.1248592613106941,0.7737948084054388,0.3547589616810878,0.6044499381953028,0.6996291718170581,12.99876390605686,1916119.3819530285,14664.064276885045,0.9136553822746292,1.3028430160692213,1.9369592088998764
7624,357,238863333,669084.9663865546,426410.0,8925000,25000.0,Obligation_Payment,voucher,2022-06-01 21:44:52.807,2022-09-11 08:45:25.890,0.0373644622969403,0.8571428571428571,0.1932773109243697,0.6050420168067226,0.7478991596638656,7.988795518207283,2832730.168067227,15827.675070028012,0.8316970546984572,1.4341736694677871,1.9803921568627447
7625,8,10602000,1325250.0,1150000.0,200000,25000.0,Obligation_Payment,voucher,2022-06-03 20:34:37.324,2022-08-09 18:29:26.170,0.0188643652141105,0.75,0.25,0.75,0.75,14.625,7921412.0,24125.0,0.8717948717948718,1.5,2.625
7650,154,1790000,11623.376623376624,10000.0,1386000,9000.0,Access_Service,voucher,2022-06-01 02:44:04.271,2022-07-03 08:55:52.229,0.7743016759776536,0.5909090909090909,0.2272727272727272,0.3896103896103896,0.4805194805194805,6.097402597402597,226806.37662337665,12327.642857142857,0.7550585729499467,0.948051948051948,1.448051948051948
7817,631,13100000,20760.69730586371,20000.0,6310000,10000.0,Access_Service,voucher,2022-06-01 21:18:57.578,2022-12-31 18:32:35.195,0.4816793893129771,0.3866877971473851,0.2019704433497537,0.3120567375886525,0.3510848126232742,2.324881141045959,209017.4817749604,6620.7115689381935,0.7416496250852079,0.6006339144215531,0.901743264659271
7818,20,268950,13447.5,10000.0,100000,5000.0,Access_Service,voucher,2022-08-07 12:12:31.882,2022-12-31 19:32:08.700,0.3718163227365681,0.35,0.2105263157894736,0.3125,0.2857142857142857,1.1,31050.0,1500.0,0.8181818181818182,0.45,0.55
7819,4,608096,152024.0,160813.0,80000,20000.0,Obligation_Payment,voucher,2022-06-10 19:29:16.530,2022-12-12 20:21:39.794,0.131558175024996,0.75,0.5,1.0,1.0,4.0,373197.5,33750.0,0.3125,2.0,3.25
7820,4,332910,83227.5,78344.5,80000,20000.0,Obligation_Payment,voucher,2022-08-01 09:40:51.488,2022-10-18 21:16:02.905,0.240305187588237,1.0,0.5,1.0,1.0,14.25,8968924.0,75000.0,0.6842105263157895,2.5,4.0
7821,1,258500,258500.0,258500.0,15000,15000.0,Obligation_Payment,voucher,2022-08-18 15:20:47.342,2022-08-18 15:20:47.342,0.058027079303675,1.0,1.0,1.0,1.0,42.0,1049555.0,10000.0,0.9761904761904762,2.0,2.0
7824,3,190000,63333.333333333336,56000.0,60000,20000.0,OnDemand_Service,voucher,2022-07-19 20:25:25.723,2022-08-25 20:00:52.372,0.3157894736842105,1.0,0.6666666666666666,1.0,1.0,13.0,1195810.0,13333.333333333334,0.9230769230769232,1.6666666666666667,2.333333333333333
7825,5,631240,126248.0,100000.0,75000,15000.0,Goods_Transaction,voucher,2022-06-14 13:02:11.270,2022-10-09 21:38:15.174,0.1188137633863506,0.2,0.0,0.0,0.2,0.2,2000.0,0.0,1.0,0.2,0.2
7826,3,727074,242358.0,222343.0,45000,15000.0,Goods_Transaction,voucher,2022-10-12 15:26:51.145,2022-11-11 16:45:04.543,0.0618919119649444,0.6666666666666666,0.6666666666666666,0.6666666666666666,1.0,5.666666666666667,1075958.0,11666.666666666666,0.8235294117647058,1.3333333333333333,2.0
7828,1,999000,999000.0,999000.0,30000,30000.0,Interactive_Service,voucher,2022-06-04 23:17:53.841,2022-06-04 23:17:53.841,0.03003003003003,0.0,0.0,0.0,0.0,0.0,0.0,0.0,0.0,0.0,0.0
7834,1,442900,442900.0,442900.0,30000,30000.0,Goods_Transaction,voucher,2022-11-17 19:47:03.782,2022-11-17 19:47:03.782,0.0677353804470535,0.0,0.0,0.0,0.0,0.0,0.0,0.0,0.0,0.0,0.0
7842,7,350000,50000.0,50000.0,175000,25000.0,Daily_Consumption,voucher,2022-06-14 11:55:31.777,2022-06-15 18:29:43.906,0.5,0.1428571428571428,0.0,0.0,0.0,0.2857142857142857,34500.0,5000.0,0.5,0.2857142857142857,0.2857142857142857
7847,4,1090000,272500.0,200000.0,40000,10000.0,Interactive_Service,voucher,2022-07-17 12:45:06.870,2022-12-08 07:41:20.695,0.036697247706422,1.0,0.75,0.6666666666666666,1.0,12.75,1359350.0,4925.0,0.9607843137254902,1.25,2.0
7880,42,87948565,2094013.4523809524,1629992.0,2100000,50000.0,Obligation_Payment,voucher,2022-06-01 17:20:04.682,2022-07-09 20:19:12.389,0.0238775925451427,0.8809523809523809,0.1428571428571428,0.6666666666666666,0.8333333333333334,12.38095238095238,8837915.714285715,15999.214285714286,0.9,1.5238095238095235,2.571428571428572
7965,26,989798,38069.15384615384,20000.0,260000,10000.0,Access_Service,voucher,2022-06-01 17:15:08.884,2022-06-23 18:12:02.804,0.2626798599310162,0.8461538461538461,0.4230769230769231,0.7307692307692307,0.8076923076923077,21.807692307692307,2476010.6923076925,50916.53846153846,0.8024691358024691,1.7692307692307692,2.923076923076923
7971,1,31200,31200.0,31200.0,15000,15000.0,Daily_Consumption,direct discount,2022-06-14 19:16:48.714,2022-06-14 19:16:48.714,0.4807692307692308,1.0,0.0,0.0,0.0,1.0,40500.0,0.0,1.0,1.0,1.0
7980,3,268000,89333.33333333333,76000.0,90000,30000.0,OnDemand_Service,voucher,2022-06-01 18:30:33.376,2022-06-05 22:01:44.172,0.3358208955223881,0.3333333333333333,0.0,0.3333333333333333,0.3333333333333333,2.6666666666666665,164616.66666666666,0.0,1.0,0.3333333333333333,0.3333333333333333
7991,1,59475,59475.0,59475.0,25000,25000.0,Goods_Transaction,voucher,2022-06-10 20:24:13.062,2022-06-10 20:24:13.062,0.4203446826397646,1.0,1.0,1.0,1.0,16.0,2042410.0,242000.0,0.0,3.0,4.0
7993,4,50000,12500.0,10000.0,8000,2000.0,Access_Service,voucher,2022-06-02 21:37:22.859,2022-06-19 22:40:25.289,0.16,0.5,0.25,0.25,0.5,1.25,8575.0,2750.0,0.6,0.75,1.0
8063,491,410067988,835169.0183299389,533226.0,24550000,50000.0,Obligation_Payment,voucher,2022-06-02 12:07:46.319,2022-12-31 17:48:16.464,0.0598681211857971,0.6802443991853361,0.1694560669456067,0.5352798053527981,0.7437722419928826,3.684317718940937,1917732.6252545824,10532.468431771897,0.7822001105583195,1.0224032586558045,1.3319755600814664
8064,1,574309,574309.0,574309.0,20000,20000.0,Obligation_Payment,voucher,2022-12-14 09:04:16.232,2022-12-14 09:04:16.232,0.0348244586102603,0.0,0.0,0.0,0.0,0.0,0.0,0.0,0.0,0.0,0.0
8069,68,30220013,444411.95588235295,292209.5,3400000,50000.0,Obligation_Payment,voucher,2022-06-01 12:17:15.509,2022-06-22 23:04:26.204,0.1125082242684673,0.2647058823529412,0.0735294117647058,0.1764705882352941,0.2647058823529412,2.073529411764706,1089332.1911764706,10058.823529411764,0.6737588652482269,0.4411764705882353,0.6764705882352942
8113,162,2947640,18195.30864197531,10000.0,1458000,9000.0,Access_Service,voucher,2022-06-01 00:09:12.325,2022-06-02 23:26:58.888,0.4946329945312182,0.6296296296296297,0.2716049382716049,0.4382716049382716,0.4876543209876543,10.185185185185183,744072.0987654321,21437.345679012345,0.8406060606060606,1.1049382716049383,1.7530864197530864
8120,1,18600,18600.0,18600.0,5000,5000.0,Access_Service,voucher,2022-06-16 19:08:33.298,2022-06-16 19:08:33.298,0.2688172043010752,0.0,0.0,0.0,0.0,0.0,0.0,0.0,0.0,0.0,0.0
8126,80,3402009,42525.1125,20000.0,800000,10000.0,Access_Service,voucher,2022-06-01 01:01:36.864,2022-06-30 17:41:17.856,0.2351551686077256,0.7875,0.3875,0.55,0.6375,14.55,1785256.75,33886.45,0.8264604810996563,1.5625,2.4625
8177,1,1820000,1820000.0,1820000.0,100000,100000.0,OnDemand_Service,direct discount,2022-06-25 12:17:55.157,2022-06-25 12:17:55.157,0.0549450549450549,1.0,1.0,1.0,1.0,1.0,77526.0,20000.0,0.0,1.0,1.0
8182,4,530300,132575.0,73500.0,100000,25000.0,OnDemand_Service,voucher,2022-06-02 15:54:20.031,2022-06-03 15:16:16.137,0.1885725061286064,0.75,0.5,0.75,0.75,16.25,4446126.5,55000.0,0.8615384615384616,2.0,2.75
8201,1,100000,100000.0,100000.0,50000,50000.0,Goods_Transaction,direct discount,2022-06-09 10:22:59.450,2022-06-09 10:22:59.450,0.5,1.0,1.0,1.0,1.0,8.0,1945484.0,112000.0,0.25,3.0,4.0
8202,1251,15450000,12350.11990407674,10000.0,11259000,9000.0,Access_Service,voucher,2022-06-01 12:07:32.718,2022-10-06 03:25:36.617,0.7287378640776699,0.5459632294164668,0.2733812949640288,0.3876898481215028,0.4404476418864908,5.709832134292566,573412.1398880895,27706.181454836133,0.6686266274674506,1.008792965627498,1.5107913669064748
8203,85,1700000,20000.0,20000.0,1615000,19000.0,Access_Service,voucher,2022-06-01 17:46:21.838,2022-08-23 09:10:13.947,0.95,0.7294117647058823,0.388235294117647,0.5176470588235295,0.5647058823529412,4.905882352941177,299488.7411764706,41227.635294117645,0.5635491606714629,1.1647058823529413,1.7294117647058824
8205,50,2550000,51000.0,50000.0,2450000,49000.0,Access_Service,voucher,2022-06-02 10:33:47.795,2022-07-28 23:26:43.006,0.9607843137254902,0.62,0.26,0.44,0.48,3.08,222422.52,28439.38,0.3571428571428571,1.06,1.44
8208,1,165000,165000.0,165000.0,15000,15000.0,Goods_Transaction,direct discount,2022-06-12 20:49:13.643,2022-06-12 20:49:13.643,0.0909090909090909,1.0,0.0,1.0,1.0,19.0,3711500.0,126000.0,0.5789473684210527,3.0,5.0
8217,4,372300,93075.0,92150.0,60000,15000.0,OnDemand_Service,voucher,2022-06-14 16:47:12.424,2022-07-14 16:03:15.443,0.16116035455278,1.0,0.25,1.0,1.0,8.25,630429.75,52500.0,0.4848484848484848,2.0,3.75
8224,1,156128,156128.0,156128.0,10000,10000.0,Obligation_Payment,voucher,2022-07-04 21:54:35.617,2022-07-04 21:54:35.617,0.0640500102480016,0.0,0.0,0.0,0.0,0.0,0.0,0.0,0.0,0.0,0.0
8236,2,437100,218550.0,218550.0,30000,15000.0,Goods_Transaction,voucher,2022-06-01 18:37:57.235,2022-06-05 19:30:58.235,0.0686341798215511,1.0,0.5,1.0,1.0,10.5,1698532.0,47000.0,0.6190476190476191,2.5,3.5
8248,1456,834021178,572816.7431318681,397410.0,72800000,50000.0,Obligation_Payment,voucher,2022-06-01 06:43:41.048,2022-06-22 23:06:01.596,0.0872879513378496,0.8660714285714286,0.2129120879120879,0.5556318681318682,0.7239010989010989,8.218406593406593,2739427.7603021977,23201.21291208791,0.7787899047300685,1.6490384615384617,2.238324175824176
8255,1,267000,267000.0,267000.0,20000,20000.0,Goods_Transaction,voucher,2022-06-24 08:18:02.220,2022-06-24 08:18:02.220,0.0749063670411985,1.0,1.0,1.0,1.0,7.0,1940700.0,20000.0,0.8571428571428571,2.0,3.0
8257,1,288654,288654.0,288654.0,5000,5000.0,Obligation_Payment,voucher,2022-06-17 08:41:28.193,2022-06-17 08:41:28.193,0.0173217762442231,1.0,1.0,1.0,1.0,69.0,4189929.0,36000.0,0.9130434782608696,3.0,8.0
8265,2,193000,96500.0,96500.0,80000,40000.0,Daily_Consumption,voucher,2022-06-18 17:09:23.546,2022-06-24 12:37:17.386,0.4145077720207253,0.5,0.5,0.5,0.5,0.5,46000.0,20000.0,0.0,0.5,0.5
8267,3,1470000,490000.0,500000.0,45000,15000.0,Mobility_Service,direct discount,2022-06-10 11:03:25.871,2022-06-24 17:27:18.634,0.0306122448979591,1.0,0.3333333333333333,0.6666666666666666,1.0,31.666666666666668,2192005.0,14366.666666666666,0.9263157894736842,2.0,2.6666666666666665
8273,4,1415000,353750.0,334000.0,80000,20000.0,Goods_Transaction,direct discount,2022-06-14 22:06:51.109,2022-06-23 09:16:25.752,0.0565371024734982,1.0,0.5,0.75,1.0,9.5,3542844.75,67500.0,0.6052631578947368,1.25,2.0
8276,2,2028700,1014350.0,1014350.0,40000,20000.0,Goods_Transaction,voucher,2022-06-19 12:28:22.255,2022-06-21 20:16:48.884,0.0197170601863262,0.5,0.0,0.0,0.5,7.5,1291859.5,22500.0,0.7333333333333333,1.0,2.0
8279,12,1041473,86789.41666666667,52500.0,180000,15000.0,Daily_Consumption,direct discount,2022-06-15 11:51:00.719,2022-08-19 14:16:49.381,0.1728321329501581,0.75,0.4166666666666667,0.75,0.75,23.666666666666668,3533569.4166666665,69500.0,0.8063380281690141,3.083333333333333,6.083333333333333
8289,419,88280818,210694.07637231503,190000.0,45333818,108195.26968973748,Unknown_Group,direct discount,2022-06-01 22:31:00.267,2022-08-03 17:10:34.815,0.5135183273902152,0.5560859188544153,0.1957040572792363,0.3579952267303102,0.4510739856801909,4.5536992840095465,1022230.7923627686,29168.5584725537,0.7636268343815513,1.0787589498806682,1.3794749403341289
8292,4,653000,163250.0,151500.0,80000,20000.0,Daily_Consumption,direct discount,2022-06-15 17:39:03.054,2022-06-29 22:55:26.122,0.1225114854517611,0.75,0.25,0.5,0.5,2.25,162125.0,2250.0,0.8888888888888888,1.0,1.25
8300,1260,1266076211,1004822.3896825396,574309.0,37800000,30000.0,Obligation_Payment,voucher,2022-06-02 20:26:19.432,2022-11-24 15:05:59.811,0.0298560226245337,0.7793650793650794,0.1682539682539682,0.569047619047619,0.7258964143426295,5.23968253968254,2913029.503968254,11592.90476190476,0.8312632535595275,1.2142857142857142,1.607936507936508
8301,7,12940300,1848614.2857142857,540000.0,140000,20000.0,Obligation_Payment,voucher,2022-07-28 12:57:28.349,2022-12-13 22:44:42.244,0.0108189145537584,0.7142857142857143,0.2857142857142857,0.6666666666666666,1.0,1.8571428571428568,1285959.857142857,25000.0,0.3076923076923077,1.2857142857142858,1.5714285714285714
8309,73,4620280,63291.50684931507,19100.0,1095000,15000.0,Goods_Transaction,direct discount,2022-06-02 09:57:04.762,2022-06-30 21:22:14.751,0.23699862346005,0.7397260273972602,0.4383561643835616,0.589041095890411,0.6164383561643836,16.28767123287671,4486408.863013699,57333.69863013698,0.7611438183347351,1.63013698630137,2.7260273972602738
8324,4,1188000,297000.0,201000.0,100000,25000.0,Unknown_Group,direct discount,2022-06-01 10:28:53.699,2022-06-01 16:29:35.125,0.0841750841750841,0.75,0.0,0.25,0.5,2.75,415158.25,33500.0,0.4545454545454545,1.5,2.0
8356,2,185000,92500.0,92500.0,20000,10000.0,Daily_Consumption,direct discount,2022-07-21 12:29:52.731,2022-08-20 13:53:00.091,0.1081081081081081,1.0,0.0,0.5,0.5,1.5,168290.0,0.0,1.0,1.0,1.0
8359,1,134000,134000.0,134000.0,15000,15000.0,Daily_Consumption,direct discount,2022-08-13 11:09:42.767,2022-08-13 11:09:42.767,0.1119402985074626,1.0,0.0,0.0,1.0,3.0,298500.0,20000.0,0.6666666666666666,2.0,2.0
8384,25,5248301,209932.04,148500.0,750000,30000.0,Goods_Transaction,direct discount,2022-06-04 10:57:54.133,2022-07-29 08:48:13.891,0.14290338911583,0.92,0.56,0.8,0.88,19.32,7416016.24,20918.4,0.9089026915113873,1.88,2.64
8386,1944,42670182,21949.682098765432,10000.0,17496000,9000.0,Access_Service,voucher,2022-06-03 16:04:43.737,2022-07-02 23:39:25.491,0.4100287174776991,0.6779835390946503,0.2289094650205761,0.419753086419753,0.5005144032921811,6.67798353909465,722751.7602880659,14231.366769547323,0.8108149745801879,1.1203703703703705,1.5977366255144032
8388,6,320000,53333.333333333336,40000.0,60000,10000.0,Access_Service,voucher,2022-06-10 21:59:28.854,2022-06-30 19:27:10.048,0.1875,0.5,0.0,0.3333333333333333,0.3333333333333333,9.833333333333334,2320000.0,7333.333333333333,0.847457627118644,0.5,0.8333333333333334
8409,451,87869805,194833.27050997785,100000.0,11275000,25000.0,OnDemand_Service,voucher,2022-06-10 10:33:01.369,2022-07-02 18:08:27.985,0.1283148403481719,0.8514412416851441,0.4789356984478936,0.6762749445676275,0.7583148558758315,14.42128603104213,2932197.4589800444,17809.09756097561,0.9191266912669128,1.804878048780488,2.3702882483370287
8412,14,4624400,330314.28571428574,358900.0,700000,50000.0,Goods_Transaction,direct discount,2022-06-17 22:17:22.779,2022-06-20 14:34:32.700,0.1513709886688002,0.1428571428571428,0.0714285714285714,0.1428571428571428,0.1428571428571428,2.7857142857142856,273493.5,13928.57142857143,0.717948717948718,0.3571428571428571,0.7142857142857143
8417,2,53018,26509.0,26509.0,10000,5000.0,Daily_Consumption,voucher,2022-06-19 20:18:54.423,2022-06-27 19:08:24.659,0.1886151872948809,0.5,0.5,0.5,0.5,31.0,2211845.0,482500.0,0.032258064516129,4.0,13.0
8447,4,40000,10000.0,10000.0,20000,5000.0,Access_Service,voucher,2022-07-01 18:44:05.913,2022-07-13 19:27:40.424,0.5,0.75,0.25,0.5,0.75,9.0,944800.0,59245.0,0.3611111111111111,1.5,3.25
8464,5,2781940,556388.0,445740.0,100000,20000.0,Goods_Transaction,voucher,2022-07-17 14:19:33.175,2022-07-31 13:46:45.952,0.0359461383063617,0.6,0.4,0.6,0.6,8.2,1510644.6,61000.0,0.5609756097560976,1.6,2.2
8466,2,173000,86500.0,86500.0,50000,25000.0,Interactive_Service,voucher,2022-06-25 21:25:40.353,2022-06-30 22:15:11.093,0.2890173410404624,0.5,0.5,0.5,0.5,11.5,1532143.5,22000.0,0.8260869565217391,2.0,2.5
8485,1,68000,68000.0,68000.0,30000,30000.0,Daily_Consumption,voucher,2022-07-13 14:20:31.312,2022-07-13 14:20:31.312,0.4411764705882353,0.0,0.0,0.0,0.0,0.0,0.0,0.0,0.0,0.0,0.0
8495,11,1473700,133972.72727272726,107000.0,165000,15000.0,Goods_Transaction,voucher,2022-07-01 18:52:28.514,2022-07-30 20:49:47.922,0.1119630861097916,0.5454545454545454,0.1818181818181818,0.4545454545454545,0.4545454545454545,2.4545454545454546,554944.5454545454,11818.181818181818,0.6666666666666666,1.181818181818182,1.4545454545454546
8500,196,4817900,24581.122448979597,20000.0,1960000,10000.0,Access_Service,voucher,2022-07-05 11:53:44.145,2022-08-30 22:20:16.755,0.4068162477427925,0.5867346938775511,0.2908163265306122,0.4693877551020408,0.5510204081632653,6.178571428571429,343455.5051020408,31113.163265306124,0.620148637489678,1.0255102040816326,1.6887755102040816
8501,31,2958896,95448.25806451614,56179.0,465000,15000.0,Obligation_Payment,voucher,2022-07-11 18:02:46.280,2022-08-18 21:52:07.481,0.1571532084939788,0.3548387096774194,0.2903225806451613,0.2903225806451613,0.2903225806451613,6.419354838709677,2575130.9032258065,55096.77419354839,0.3869346733668342,0.9032258064516128,1.935483870967742
8504,1,100000,100000.0,100000.0,50000,50000.0,Unknown_Group,voucher,2022-08-14 14:56:07.776,2022-08-14 14:56:07.776,0.5,0.0,0.0,0.0,0.0,0.0,0.0,0.0,0.0,0.0,0.0
8507,1,250000,250000.0,250000.0,30000,30000.0,Goods_Transaction,voucher,2022-07-16 19:18:39.484,2022-07-16 19:18:39.484,0.12,1.0,1.0,1.0,1.0,20.0,2169050.0,335000.0,0.0,4.0,6.0
8513,2,21700,10850.0,10850.0,10000,5000.0,Access_Service,voucher,2022-07-20 20:13:17.138,2022-08-16 20:13:08.826,0.4608294930875576,0.5,0.5,0.5,0.5,5.0,37400.0,5000.0,0.9,1.5,2.0
8532,29,400000,13793.103448275862,10000.0,58000,2000.0,Access_Service,voucher,2022-07-06 13:01:41.213,2022-09-01 13:41:11.403,0.145,0.6206896551724138,0.3793103448275862,0.4137931034482758,0.5862068965517241,8.206896551724139,292721.8965517241,11792.06896551724,0.8361344537815126,1.0689655172413792,1.6896551724137931
8533,2,96049,48024.5,48024.5,20000,10000.0,Obligation_Payment,voucher,2022-07-25 16:52:15.376,2022-08-17 14:56:46.677,0.2082270507761663,0.5,0.0,0.5,0.5,4.0,70747.0,18500.0,0.5,1.5,1.5
8571,32,4136491,129265.34375,135000.0,1697000,53031.25,Unknown_Group,direct discount,2022-07-02 14:20:52.918,2022-07-31 13:47:21.559,0.410251104136332,0.6875,0.15625,0.5,0.5625,3.375,511199.0625,11150.5625,0.7962962962962963,0.9375,1.21875
8573,30,3965000,132166.66666666666,100000.0,2320000,77333.33333333333,Unknown_Group,direct discount,2022-07-01 15:09:54.361,2022-07-31 09:33:21.255,0.5851197982345523,0.8333333333333334,0.3,0.6666666666666666,0.7666666666666667,5.8,342858.9666666667,17399.666666666668,0.8275862068965517,1.8666666666666667,2.0
8578,196,9310000,47500.0,47500.0,8330000,42500.0,Interactive_Service,direct discount,2022-06-30 09:56:07.258,2022-07-14 22:08:13.768,0.8947368421052632,0.8112244897959183,0.4183673469387755,0.673469387755102,0.7346938775510204,14.826530612244898,1471689.0102040817,16800.658163265307,0.9153475567790778,1.596938775510204,2.0306122448979598
8584,67,16699178,249241.4626865672,249090.0,1675000,25000.0,Unknown_Group,direct discount,2022-07-01 08:56:36.817,2022-07-07 15:49:26.516,0.1003043383332999,0.7164179104477612,0.1492537313432835,0.4328358208955223,0.5074626865671642,6.835820895522388,1186318.223880597,41276.79104477612,0.7860262008733624,1.5522388059701493,2.074626865671642
8585,12,2589010,215750.8333333333,189000.0,180000,15000.0,Goods_Transaction,direct discount,2022-07-31 15:53:48.538,2022-11-26 13:01:34.667,0.0695246445552547,0.6666666666666666,0.1666666666666666,0.4166666666666667,0.5714285714285714,1.3333333333333333,81287.66666666667,0.0,1.0,0.8333333333333334,1.0
8586,2,24020,12010.0,12010.0,18000,9000.0,Access_Service,voucher,2022-07-08 06:30:31.971,2022-07-08 20:55:11.712,0.7493755203996669,0.5,0.5,0.5,0.5,4.0,48660.0,7000.0,0.75,0.5,2.0
8587,9,2927000,325222.22222222225,308000.0,180000,20000.0,Goods_Transaction,direct discount,2022-07-08 11:17:54.622,2022-07-31 11:07:00.844,0.0614964127092586,0.8888888888888888,0.3333333333333333,0.8888888888888888,0.8888888888888888,30.22222222222222,2195647.6666666665,51443.333333333336,0.875,2.111111111111111,3.4444444444444446
8589,1164,807407625,693649.162371134,450017.5,58200000,50000.0,Obligation_Payment,voucher,2022-06-23 17:38:04.100,2022-07-27 22:47:13.017,0.072082549381423,0.8805841924398625,0.2938144329896907,0.6254295532646048,0.781786941580756,8.287800687285223,2569524.0103092785,23421.9029209622,0.7722608064683322,1.679553264604811,2.3024054982817868
8590,13,2370000,182307.6923076923,150000.0,650000,50000.0,Unknown_Group,direct discount,2022-07-16 13:18:27.939,2022-07-31 23:59:49.866,0.2742616033755274,0.4615384615384615,0.1538461538461538,0.2307692307692307,0.2307692307692307,4.923076923076923,693474.9230769231,27461.53846153846,0.703125,1.2307692307692308,1.7692307692307692
8597,23,8839000,384304.347826087,290000.0,1150000,50000.0,Mobility_Service,direct discount,2022-07-04 07:41:32.076,2022-08-31 23:05:27.193,0.1301052155221178,0.6086956521739131,0.1739130434782608,0.5217391304347826,0.5652173913043478,3.695652173913044,365548.2608695653,3695.652173913044,0.8941176470588236,1.173913043478261,1.3043478260869563
8612,51,100673968,1973999.3725490195,1460000.0,1530000,30000.0,Obligation_Payment,voucher,2022-07-01 11:09:05.806,2022-08-26 10:42:07.234,0.0151975732197225,0.7058823529411765,0.2352941176470588,0.5294117647058824,0.6666666666666666,8.27450980392157,8279443.843137255,16406.392156862745,0.8175355450236966,1.196078431372549,2.0392156862745097
8613,3,1756559,585519.6666666666,201545.0,150000,50000.0,Obligation_Payment,voucher,2022-07-13 10:25:52.744,2022-07-26 12:13:50.494,0.08539422814719,1.0,0.3333333333333333,0.3333333333333333,0.6666666666666666,5.0,1682162.3333333333,20000.0,0.7333333333333333,2.0,2.333333333333333
8625,1,10000,10000.0,10000.0,1000,1000.0,Access_Service,voucher,2022-07-06 20:43:11.620,2022-07-06 20:43:11.620,0.1,1.0,1.0,1.0,1.0,2.0,40000.0,2000.0,0.5,1.0,1.0
8652,1,65000,65000.0,65000.0,5000,5000.0,Financial_Service,voucher,2022-07-12 15:09:53.192,2022-07-12 15:09:53.192,0.0769230769230769,0.0,0.0,0.0,0.0,0.0,0.0,0.0,0.0,0.0,0.0
8653,1,25000,25000.0,25000.0,6000,6000.0,Daily_Consumption,voucher,2022-07-29 08:55:53.044,2022-07-29 08:55:53.044,0.24,0.0,0.0,0.0,0.0,0.0,0.0,0.0,0.0,0.0,0.0
8693,6,840000,140000.0,140000.0,90000,15000.0,Interactive_Service,direct discount,2022-07-14 17:09:39.469,2022-07-23 15:07:46.946,0.1071428571428571,0.8333333333333334,0.5,0.6666666666666666,0.6666666666666666,29.83333333333333,2848166.6666666665,10000.0,0.9608938547486032,1.5,1.5
8695,194,9412185,48516.4175257732,20000.0,1940000,10000.0,Access_Service,voucher,2022-07-04 17:47:40.098,2022-08-02 18:26:06.248,0.2061157956415008,0.711340206185567,0.3608247422680412,0.6030927835051546,0.6494845360824743,10.283505154639176,1008369.4793814434,23658.701030927838,0.8085213032581454,1.2938144329896908,1.9793814432989687
8696,367,19188086,52283.61307901907,27900.0,3670000,10000.0,Access_Service,voucher,2022-07-06 08:41:24.000,2022-08-03 18:49:47.303,0.1912645169507787,0.7438692098092643,0.2343324250681198,0.5204359673024523,0.6321525885558583,8.6566757493188,991435.5885558584,10242.5068119891,0.8835379288637079,1.1907356948228882,1.7002724795640327
8697,2,495340,247670.0,247670.0,20000,10000.0,Goods_Transaction,direct discount,2022-07-06 19:52:54.633,2022-07-06 21:10:18.204,0.040376307182945,0.5,0.5,0.5,0.5,50.0,21201087.0,7500.0,0.98,1.5,1.5
8699,1,532995,532995.0,532995.0,50000,50000.0,Goods_Transaction,direct discount,2022-07-09 18:53:41.207,2022-07-09 18:53:41.207,0.0938095104081651,1.0,0.0,0.0,1.0,18.0,9243349.0,45000.0,0.8333333333333334,3.0,5.0
8705,22,1045000,47500.0,47500.0,1023000,46500.0,Interactive_Service,direct discount,2022-07-08 10:12:50.714,2022-07-19 20:50:52.268,0.9789473684210528,0.7727272727272727,0.4545454545454545,0.7272727272727273,0.7272727272727273,12.227272727272728,2178632.727272727,7317.727272727273,0.933085501858736,1.5,1.7727272727272727
8717,4,190000,47500.0,47500.0,186000,46500.0,Interactive_Service,direct discount,2022-07-08 21:45:39.611,2022-07-17 16:39:14.416,0.9789473684210528,0.75,0.5,0.5,0.5,4.0,333976.75,1250.0,0.9375,1.25,1.25
8721,408,74911860,183607.5,92600.0,6120000,15000.0,OnDemand_Service,voucher,2022-07-08 03:26:19.385,2022-08-01 18:15:20.100,0.081696009149953,0.8112745098039216,0.4534313725490196,0.6593137254901961,0.7475490196078431,13.884803921568627,1992518.443627451,12326.46568627451,0.937334510150044,1.7034313725490196,2.1642156862745097
8723,6,480000,80000.0,80500.0,150000,25000.0,OnDemand_Service,voucher,2022-07-19 13:40:00.781,2022-08-12 15:50:34.158,0.3125,0.8333333333333334,0.0,0.5,0.6666666666666666,14.666666666666666,1154581.0,15000.0,0.9318181818181818,1.8333333333333333,2.5
8724,1,240801,240801.0,240801.0,20000,20000.0,Goods_Transaction,voucher,2022-07-27 13:48:26.864,2022-07-27 13:48:26.864,0.0830561334878177,1.0,1.0,1.0,1.0,23.0,1346981.0,395000.0,0.0,3.0,4.0
8726,2,702000,351000.0,351000.0,100000,50000.0,Goods_Transaction,voucher,2022-07-30 21:17:52.613,2022-07-31 08:14:59.645,0.1424501424501424,0.5,0.5,0.5,0.5,2.0,270500.0,100000.0,0.0,0.5,0.5
8729,5,393000,78600.0,88000.0,150000,30000.0,Financial_Service,voucher,2022-07-23 21:56:08.958,2022-07-29 12:54:37.568,0.3816793893129771,0.6,0.2,0.4,0.6,9.2,687097.0,88600.0,0.3695652173913043,1.6,2.6
8755,1,100000,100000.0,100000.0,20000,20000.0,Financial_Service,voucher,2022-08-05 12:30:59.118,2022-08-05 12:30:59.118,0.2,1.0,0.0,1.0,1.0,37.0,2979565.0,481000.0,0.054054054054054,6.0,19.0
8801,2,99000,49500.0,49500.0,30000,15000.0,Daily_Consumption,direct discount,2022-07-14 12:22:35.150,2022-07-14 15:46:26.676,0.303030303030303,1.0,1.0,1.0,1.0,9.5,385423.5,46500.0,0.3684210526315789,2.0,2.5
8808,3,1126300,375433.3333333333,322100.0,45000,15000.0,Goods_Transaction,voucher,2022-08-03 19:26:53.622,2022-08-27 15:00:01.676,0.0399538311284737,0.3333333333333333,0.3333333333333333,0.3333333333333333,0.3333333333333333,2.0,605348.6666666666,28333.33333333333,0.1666666666666666,1.0,1.0
8810,2,1707400,853700.0,853700.0,40000,20000.0,Goods_Transaction,direct discount,2022-07-17 09:26:48.875,2022-07-18 13:24:55.319,0.0234274335246573,0.5,0.0,0.0,0.0,0.5,1056442.0,0.0,1.0,0.5,0.5
8811,3,2236793,745597.6666666666,589598.0,60000,20000.0,Goods_Transaction,voucher,2022-08-07 19:10:59.783,2022-08-20 19:29:08.852,0.0268241182800554,0.6666666666666666,0.6666666666666666,0.6666666666666666,0.6666666666666666,13.666666666666666,3190304.6666666665,60333.333333333336,0.7560975609756098,2.333333333333333,2.6666666666666665
8830,1,10690000,10690000.0,10690000.0,50000,50000.0,Goods_Transaction,direct discount,2022-08-28 10:33:16.054,2022-08-28 10:33:16.054,0.0046772684752104,1.0,1.0,1.0,1.0,13.0,9583260.0,40000.0,0.8461538461538461,5.0,7.0
8833,3,790000,263333.3333333333,259000.0,45000,15000.0,Goods_Transaction,direct discount,2022-08-04 11:33:03.780,2022-08-27 19:42:44.706,0.0569620253164556,1.0,0.3333333333333333,1.0,1.0,12.333333333333334,3872297.6666666665,70000.0,0.6486486486486487,3.0,4.0
8836,62,13729650,221445.96774193548,100000.0,2480000,40000.0,Interactive_Service,direct discount,2022-07-19 09:17:19.146,2022-08-02 22:48:35.685,0.1806309701995316,0.8548387096774194,0.4193548387096774,0.7096774193548387,0.8064516129032258,8.387096774193548,1854961.758064516,4225.4838709677415,0.9403846153846154,1.435483870967742,1.7903225806451613
8851,29,6037268,208181.6551724138,97000.0,261000,9000.0,Access_Service,direct discount,2022-07-28 21:22:22.329,2022-08-21 17:55:43.817,0.0432314748989112,0.7931034482758621,0.1034482758620689,0.5862068965517241,0.7241379310344828,4.172413793103448,720886.9310344828,15862.06896551724,0.768595041322314,1.2413793103448276,1.5517241379310345
8859,1,40000,40000.0,40000.0,10000,10000.0,Goods_Transaction,voucher,2022-08-26 23:35:20.949,2022-08-26 23:35:20.949,0.25,1.0,0.0,0.0,1.0,4.0,21569949.0,40000.0,0.5,2.0,2.0
8862,152,92581546,609089.1184210526,445582.0,7600000,50000.0,Obligation_Payment,voucher,2022-07-30 11:09:20.897,2022-08-23 22:28:08.376,0.0820897935750608,0.868421052631579,0.2302631578947368,0.631578947368421,0.8092105263157895,6.131578947368421,1673178.1973684211,24374.736842105263,0.7027896995708155,1.5460526315789471,2.1907894736842106
8872,2,196000,98000.0,98000.0,80000,40000.0,Daily_Consumption,voucher,2022-08-01 19:20:21.243,2022-08-05 12:31:38.552,0.4081632653061224,1.0,0.0,0.5,0.5,7.5,930433.0,44000.0,0.7333333333333333,2.5,2.5
8888,17,4239250,249367.64705882352,272500.0,255000,15000.0,Goods_Transaction,voucher,2022-08-01 11:44:29.365,2022-08-30 12:34:52.605,0.0601521495547561,0.5294117647058824,0.1764705882352941,0.3529411764705882,0.4117647058823529,1.5294117647058822,152491.70588235295,2352.9411764705883,0.8846153846153846,0.6470588235294118,0.6470588235294118
8898,170,93921520,552479.5294117647,333930.0,850000,5000.0,Goods_Transaction,voucher,2022-10-06 11:00:35.017,2022-12-30 21:29:28.340,0.009050109069785,0.611764705882353,0.3860759493670886,0.7,0.8611111111111112,3.494117647058824,802180.2176470588,7041.176470588235,0.8754208754208754,0.9705882352941176,1.2176470588235293
8899,14,4263234,304516.71428571426,269500.0,140000,10000.0,Unknown_Group,voucher,2022-08-27 14:41:35.629,2022-12-16 12:12:02.655,0.0328389199373058,0.6428571428571429,0.1428571428571428,0.3076923076923077,0.7,12.357142857142858,1604229.9285714286,7642.857142857143,0.9421965317919077,1.1428571428571428,1.7142857142857142
8901,29,13905000,479482.7586206897,285000.0,145000,5000.0,Interactive_Service,voucher,2022-08-21 11:32:12.071,2022-12-20 21:34:04.938,0.0104279036317871,0.8620689655172413,0.4827586206896552,0.7857142857142857,0.8148148148148148,9.93103448275862,2020893.5172413792,2758.620689655173,0.9618055555555556,1.3448275862068966,1.4482758620689655
8908,4,1765000,441250.0,395000.0,80000,20000.0,Mobility_Service,voucher,2022-08-30 23:36:11.601,2022-11-13 10:25:04.560,0.0453257790368272,0.5,0.5,0.5,0.3333333333333333,4.0,480158.5,6250.0,0.875,1.0,1.5
8909,1,504500,504500.0,504500.0,20000,20000.0,Goods_Transaction,voucher,2022-12-24 13:32:48.392,2022-12-24 13:32:48.392,0.0396432111000991,0.0,0.0,0.0,0.0,0.0,0.0,0.0,0.0,0.0,0.0
8910,1,410000,410000.0,410000.0,20000,20000.0,Mobility_Service,voucher,2022-10-20 13:31:14.755,2022-10-20 13:31:14.755,0.048780487804878,1.0,1.0,1.0,1.0,5.0,462049.0,20000.0,0.6,2.0,3.0
8911,2,881936,440968.0,440968.0,20000,10000.0,Goods_Transaction,voucher,2022-09-06 16:07:42.005,2022-10-02 12:46:58.545,0.0226773824858039,1.0,1.0,1.0,1.0,22.0,12490420.0,2500.0,0.9772727272727272,2.0,2.0
8915,2,1413000,706500.0,706500.0,60000,30000.0,Goods_Transaction,voucher,2022-10-19 08:58:21.971,2022-11-11 12:55:15.685,0.0424628450106157,0.5,0.0,0.5,1.0,1.0,192000.0,15000.0,0.0,0.5,0.5
8918,2,499200,249600.0,249600.0,40000,20000.0,Goods_Transaction,voucher,2022-12-03 15:23:48.249,2022-12-04 15:20:22.091,0.0801282051282051,0.5,0.0,0.0,0.0,0.5,98200.0,0.0,1.0,0.5,0.5
8919,1,299000,299000.0,299000.0,20000,20000.0,Daily_Consumption,voucher,2022-12-11 16:42:07.474,2022-12-11 16:42:07.474,0.0668896321070234,0.0,0.0,0.0,0.0,0.0,0.0,0.0,0.0,0.0,0.0
8922,2,756000,378000.0,378000.0,60000,30000.0,Daily_Consumption,voucher,2022-09-30 17:58:25.579,2022-12-06 16:35:33.439,0.0793650793650793,1.0,0.5,1.0,1.0,7.0,1721988.0,40000.0,0.5714285714285714,3.5,4.5
8926,34,931000,27382.352941176472,20000.0,170000,5000.0,Access_Service,voucher,2022-08-27 12:39:25.915,2022-12-31 14:20:01.306,0.1825993555316863,0.8235294117647058,0.625,0.9,0.9565217391304348,7.088235294117647,361231.9117647059,13088.235294117649,0.8091286307053942,1.1764705882352942,1.7058823529411764
8927,771,37971871,49250.15693904021,20000.0,3855000,5000.0,Access_Service,voucher,2022-08-19 13:55:33.384,2022-12-31 19:59:25.454,0.101522519130016,0.5149156939040207,0.2862849533954727,0.5525876460767947,0.669683257918552,5.232166018158236,478059.9143968872,5137.600518806745,0.9157164105106594,0.8015564202334631,1.1037613488975355
8928,52,37376276,718774.5384615385,341944.5,520000,10000.0,Obligation_Payment,voucher,2022-08-19 21:00:08.581,2022-12-30 17:53:30.798,0.0139125684966581,0.8076923076923077,0.2941176470588235,0.75,0.8409090909090909,6.038461538461538,2059349.0192307688,12378.846153846154,0.8280254777070064,1.3653846153846154,1.8846153846153848
8929,55,86360305,1570187.3636363635,1530000.0,1375000,25000.0,Obligation_Payment,voucher,2022-09-07 22:16:54.059,2022-11-25 08:05:15.466,0.0159216667889257,0.9090909090909092,0.2363636363636363,0.7636363636363637,0.96,4.781818181818182,4755378.4,10200.0,0.7984790874524715,1.4181818181818182,1.8545454545454545
8930,16,4114575,257160.9375,82784.0,160000,10000.0,Obligation_Payment,voucher,2022-09-05 19:34:18.038,2022-12-16 12:40:23.184,0.0388861547061361,0.8125,0.1875,0.8,0.875,3.6875,1098939.375,11687.5,0.6610169491525424,1.25,2.0
8931,12,2448564,204047.0,180000.0,120000,10000.0,Obligation_Payment,voucher,2022-09-06 12:33:41.281,2022-12-26 15:31:25.666,0.0490083167113459,0.6666666666666666,0.3636363636363636,0.6,0.7777777777777778,2.333333333333333,679055.5833333334,2916.6666666666665,0.8214285714285714,1.0833333333333333,1.1666666666666667
8932,3740,100459175,26860.741978609625,20000.0,37400000,10000.0,Access_Service,voucher,2022-08-19 11:53:33.831,2022-12-31 22:50:08.761,0.3722905349362067,0.288235294117647,0.1587074635401772,0.2928679817905918,0.3425443169968717,2.050534759358289,197834.335026738,5525.0569518716575,0.8323119050723693,0.4286096256684492,0.6088235294117647
8933,136,1613000,11860.29411764706,10000.0,680000,5000.0,Access_Service,voucher,2022-08-22 19:10:48.687,2022-12-31 12:54:45.260,0.4215747055176689,0.5735294117647058,0.4,0.5648148148148148,0.6265060240963856,3.794117647058824,88784.11029411765,6227.941176470588,0.8817829457364341,0.7058823529411765,1.0
8934,178,76379198,429096.6179775281,295179.0,6230000,35000.0,Obligation_Payment,voucher,2022-08-20 20:18:22.100,2022-12-23 10:33:39.667,0.0815667113969958,0.6235955056179775,0.2022471910112359,0.5,0.6028368794326241,3.865168539325843,695953.3707865168,13297.91011235955,0.7020348837209303,1.0786516853932584,1.4606741573033708
8935,43,5266846,122484.7906976744,80963.0,860000,20000.0,Obligation_Payment,voucher,2022-08-19 20:45:59.420,2022-12-31 21:30:52.355,0.1632855792631871,0.7441860465116279,0.45,0.7096774193548387,0.85,6.3023255813953485,2163422.046511628,37511.395348837206,0.7011070110701108,1.4651162790697674,2.3488372093023258
8936,22,3549367,161334.86363636365,165000.0,440000,20000.0,Obligation_Payment,voucher,2022-08-26 20:03:51.305,2022-11-22 11:32:33.842,0.1239657662901582,0.7272727272727273,0.5,0.6363636363636364,0.7333333333333333,17.636363636363637,3670453.454545455,32045.454545454544,0.8891752577319587,1.2272727272727273,2.0454545454545454
8937,24,43958764,1831615.1666666667,1638000.0,480000,20000.0,Obligation_Payment,voucher,2022-09-09 16:45:19.283,2022-12-13 18:32:51.387,0.0109193243012929,0.7916666666666666,0.4583333333333333,0.782608695652174,0.9230769230769232,5.25,3477945.9166666665,17583.333333333332,0.8333333333333334,1.4583333333333333,2.0416666666666665
8938,10,1649129,164912.9,167200.0,300000,30000.0,Obligation_Payment,voucher,2022-09-09 13:20:02.521,2022-12-12 16:00:47.716,0.1819142104711032,0.1,0.0,0.1111111111111111,0.1111111111111111,0.3,306724.2,0.0,1.0,0.1,0.3
8939,9,13840465,1537829.4444444445,1550000.0,225000,25000.0,Obligation_Payment,voucher,2022-09-22 07:39:15.052,2022-12-07 18:21:09.069,0.0162566792372944,0.8888888888888888,0.5555555555555556,0.75,1.0,6.555555555555555,4239486.666666667,30000.0,0.6779661016949152,2.0,3.4444444444444446
8940,26,2696390,103707.30769230767,87500.0,260000,10000.0,OnDemand_Service,voucher,2022-08-23 10:03:13.343,2022-12-28 18:31:25.423,0.0964252203872585,0.6538461538461539,0.4,0.5,0.6923076923076923,3.8461538461538463,419475.6538461539,8730.73076923077,0.86,1.3846153846153846,1.5
8941,9,3433923,381547.0,175000.0,90000,10000.0,Goods_Transaction,voucher,2022-09-22 17:48:04.092,2022-12-15 01:59:40.137,0.0262090908852644,0.4444444444444444,0.3333333333333333,0.5714285714285714,0.5,2.0,278809.8888888889,16666.666666666668,0.5555555555555556,1.0,1.2222222222222223
8942,75,32738874,436518.32,276500.0,750000,10000.0,Goods_Transaction,voucher,2022-10-05 21:59:30.477,2022-12-31 17:08:44.759,0.0229085459689297,0.6,0.3823529411764705,0.6176470588235294,0.7857142857142857,3.92,946253.2933333332,12199.866666666669,0.8605442176870748,0.9733333333333334,1.28
8943,20,4264544,213227.2,185500.0,800000,40000.0,Unknown_Group,voucher,2022-08-29 13:47:20.423,2022-12-28 20:41:05.432,0.187593327680521,0.55,0.4210526315789473,0.5333333333333333,0.8888888888888888,3.15,611216.05,45900.0,0.4126984126984127,1.05,1.7
8944,6,504000,84000.0,84000.0,180000,30000.0,Interactive_Service,voucher,2022-09-02 14:39:20.428,2022-12-14 14:47:35.139,0.3571428571428571,0.6666666666666666,0.1666666666666666,0.6,1.0,3.333333333333333,721728.0,25833.33333333333,0.65,1.5,2.0
8945,35,19509750,557421.4285714285,190000.0,700000,20000.0,Interactive_Service,voucher,2022-08-23 10:58:30.725,2022-12-30 11:35:22.634,0.0358794961493612,0.8857142857142857,0.5588235294117647,0.84375,0.8571428571428571,18.02857142857143,12422387.771428572,14141.714285714286,0.9461172741679872,1.5142857142857142,1.9142857142857144
8947,1,4020240,4020240.0,4020240.0,200000,200000.0,Mobility_Service,voucher,2022-12-22 13:47:32.053,2022-12-22 13:47:32.053,0.0497482737349014,0.0,0.0,0.0,0.0,0.0,0.0,0.0,0.0,0.0,0.0
8949,1,390000,390000.0,390000.0,30000,30000.0,Mobility_Service,voucher,2022-11-27 10:46:55.353,2022-11-27 10:46:55.353,0.0769230769230769,1.0,0.0,1.0,0.0,2.0,603636.0,85000.0,0.0,1.0,2.0
8951,5,294000,58800.0,60000.0,100000,20000.0,Goods_Transaction,voucher,2022-10-06 06:30:21.734,2022-12-21 23:28:30.050,0.3401360544217687,0.8,0.6,1.0,1.0,2.2,155920.0,3000.0,0.9090909090909092,1.4,1.4
8952,5,321000,64200.0,66000.0,100000,20000.0,Goods_Transaction,voucher,2022-08-30 18:14:12.502,2022-12-16 18:43:59.837,0.3115264797507788,1.0,0.6,0.75,1.0,5.6,757246.2,39000.0,0.6785714285714286,3.2,4.2
8953,1,482920,482920.0,482920.0,30000,30000.0,Goods_Transaction,voucher,2022-11-06 10:56:37.038,2022-11-06 10:56:37.038,0.0621220906154228,1.0,0.0,1.0,0.0,4.0,233000.0,0.0,1.0,2.0,3.0
8954,1,401000,401000.0,401000.0,30000,30000.0,Goods_Transaction,voucher,2022-12-12 09:12:13.606,2022-12-12 09:12:13.606,0.0748129675810473,1.0,1.0,0.0,0.0,8.0,1123931.0,55000.0,0.75,2.0,5.0
8957,2,369000,184500.0,184500.0,60000,30000.0,Goods_Transaction,voucher,2022-08-25 23:11:59.063,2022-12-08 14:44:52.372,0.1626016260162601,1.0,0.0,1.0,1.0,2.0,215682.0,17500.0,0.5,1.5,1.5
8958,1,99000,99000.0,99000.0,15000,15000.0,Daily_Consumption,voucher,2022-12-10 14:13:41.648,2022-12-10 14:13:41.648,0.1515151515151515,1.0,1.0,0.0,0.0,5.0,2055200.0,30000.0,0.6,4.0,4.0
8960,1,55000,55000.0,55000.0,15000,15000.0,Daily_Consumption,voucher,2022-12-01 11:51:09.942,2022-12-01 11:51:09.942,0.2727272727272727,1.0,1.0,1.0,0.0,4.0,320000.0,40000.0,0.5,2.0,4.0
8964,5,562000,112400.0,111000.0,150000,30000.0,Daily_Consumption,voucher,2022-11-10 14:12:46.352,2022-12-22 11:07:35.423,0.2669039145907473,0.4,0.4,1.0,0.0,1.6,37800.0,2000.0,0.875,0.8,1.0
8985,66,11831434,179264.15151515152,166457.5,1320000,20000.0,Obligation_Payment,direct discount,2022-07-30 13:18:00.680,2022-09-22 21:37:37.402,0.1115672030964294,0.2727272727272727,0.1515151515151515,0.2121212121212121,0.2575757575757575,3.8181818181818175,1282893.2575757576,47990.0,0.2103174603174603,0.8484848484848485,1.9696969696969695
8992,6,1174000,195666.66666666663,170000.0,150000,25000.0,Unknown_Group,direct discount,2022-08-01 12:23:06.383,2022-08-07 07:32:35.701,0.1277683134582623,0.5,0.0,0.1666666666666666,0.3333333333333333,3.5,807018.3333333334,19000.0,0.6666666666666666,0.6666666666666666,1.1666666666666667
8993,10,974000,97400.0,74000.0,150000,15000.0,Financial_Service,direct discount,2022-08-07 21:27:48.371,2022-08-28 16:02:27.276,0.1540041067761807,0.9,0.4,0.7,0.8,4.5,343447.5,14000.0,0.7333333333333333,1.7,1.9
9006,7,12074450,1724921.4285714286,2500000.0,700000,100000.0,Goods_Transaction,direct discount,2022-08-20 08:49:14.392,2022-08-27 17:47:14.120,0.0579736551147257,0.4285714285714285,0.1428571428571428,0.2857142857142857,0.2857142857142857,2.142857142857143,957350.7142857144,7000.0,0.8,0.7142857142857143,0.8571428571428571
9017,420,303497692,722613.5523809524,411346.5,21000000,50000.0,Obligation_Payment,voucher,2022-07-28 18:18:52.770,2022-08-23 23:11:32.621,0.0691932774236714,0.8238095238095238,0.1928571428571428,0.5476190476190477,0.7404761904761905,6.561904761904762,2243638.845238095,16532.75238095238,0.785921625544267,1.3761904761904762,1.8523809523809525
9018,48,26745271,557193.1458333334,387898.0,1440000,30000.0,Obligation_Payment,voucher,2022-08-04 20:07:09.727,2022-08-23 20:40:31.206,0.0538412940366167,0.8541666666666666,0.2083333333333333,0.5416666666666666,0.7708333333333334,6.979166666666667,2127319.833333333,22874.791666666668,0.7522388059701492,1.3958333333333333,2.0416666666666665
9019,26,27967342,1075667.0,659214.5,1820000,70000.0,Obligation_Payment,voucher,2022-08-07 20:47:44.921,2022-08-23 11:13:56.660,0.0650759017428256,0.9615384615384616,0.2692307692307692,0.7307692307692307,0.8076923076923077,6.076923076923077,2742115.3846153845,21384.615384615383,0.7025316455696202,1.6538461538461535,2.1923076923076925
9020,10,10000,1000.0,1000.0,9900,990.0,Goods_Transaction,voucher,2022-07-31 12:50:48.869,2022-09-25 16:01:15.752,0.99,0.6,0.2,0.5,0.6,3.4,77400.0,1396.0,0.8529411764705882,1.0,1.3
9036,3,527000,175666.66666666666,191000.0,45000,15000.0,Daily_Consumption,direct discount,2022-08-11 18:13:01.946,2022-08-24 11:37:18.653,0.0853889943074003,1.0,0.3333333333333333,0.3333333333333333,0.6666666666666666,2.0,184116.66666666663,0.0,1.0,1.0,1.0
9037,676,374832397,554485.7943786982,378921.5,67600000,100000.0,Obligation_Payment,voucher,2022-08-02 20:48:00.562,2022-12-31 22:17:57.662,0.1803472713165719,0.408284023668639,0.1202435312024353,0.3226950354609929,0.5305466237942122,2.2677514792899407,1533600.8668639052,7409.816568047338,0.7286366601435095,0.6671597633136095,0.8920118343195266
9038,1,319105,319105.0,319105.0,30000,30000.0,Obligation_Payment,voucher,2022-12-16 14:41:02.208,2022-12-16 14:41:02.208,0.0940129424484104,0.0,0.0,0.0,0.0,0.0,0.0,0.0,0.0,0.0,0.0
9039,15,3248008,216533.86666666667,167381.0,750000,50000.0,Obligation_Payment,voucher,2022-10-27 20:25:11.096,2022-12-29 16:03:56.276,0.2309107613035436,0.2,0.0,0.2307692307692307,0.1,0.2666666666666666,90218.6,666.6666666666666,0.75,0.2,0.2
9050,2,240200,120100.0,120100.0,60000,30000.0,Goods_Transaction,direct discount,2022-08-03 16:18:05.267,2022-08-27 09:04:08.977,0.2497918401332223,1.0,1.0,1.0,1.0,5.5,445400.0,22500.0,0.7272727272727273,1.5,1.5
9057,113,20620818,182485.1150442478,130000.0,7347818,65024.93805309734,Unknown_Group,direct discount,2022-08-05 09:42:14.845,2022-09-30 17:49:49.278,0.3563300932096874,0.5752212389380531,0.168141592920354,0.4070796460176991,0.5398230088495575,2.84070796460177,425331.9203539823,20578.035398230088,0.7445482866043613,1.0884955752212389,1.345132743362832
9061,1,115000,115000.0,115000.0,36000,36000.0,Unknown_Group,direct discount,2022-09-25 10:37:51.783,2022-09-25 10:37:51.783,0.3130434782608696,1.0,0.0,1.0,1.0,4.0,522000.0,112000.0,0.5,3.0,3.0
9097,232,355601160,1532763.6206896552,1500000.0,18560000,80000.0,Obligation_Payment,direct discount,2022-08-08 12:09:48.410,2022-11-29 09:31:06.105,0.0521933055561461,0.1422413793103448,0.0689655172413793,0.0905172413793103,0.0969162995594713,0.6379310344827587,1941897.573275862,5778.017241379311,0.5878378378378378,0.2327586206896551,0.3362068965517241
9099,10,1200000,120000.0,112500.0,230000,23000.0,Unknown_Group,direct discount,2022-08-05 16:03:04.183,2022-09-26 21:08:21.832,0.1916666666666666,0.8,0.2,0.4,0.6,7.4,555728.8,12600.0,0.8783783783783784,2.0,2.1
9100,24,3215000,133958.33333333334,95000.0,1204000,50166.66666666666,Unknown_Group,direct discount,2022-08-05 23:05:49.774,2022-09-28 11:24:29.199,0.3744945567651633,0.75,0.25,0.625,0.7083333333333334,3.7916666666666665,275807.2916666667,22993.75,0.6813186813186813,1.7083333333333333,2.083333333333333
9139,261,3820000,14636.015325670498,10000.0,1305000,5000.0,Access_Service,voucher,2022-08-19 13:23:17.724,2022-10-11 07:48:54.647,0.3416230366492147,0.5478927203065134,0.2605363984674329,0.4406130268199233,0.5019157088122606,4.605363984674329,214919.7011494253,13529.885057471263,0.7346089850249584,0.8812260536398467,1.432950191570881
9140,24,3048453,127018.875,82239.0,360000,15000.0,Obligation_Payment,voucher,2022-08-20 19:55:26.805,2022-10-23 15:46:06.036,0.1180926850438566,0.5416666666666666,0.2916666666666667,0.4166666666666667,0.5416666666666666,6.125,1014700.4583333334,66138.25,0.3197278911564626,1.4166666666666667,3.0
9142,2,8348000,4174000.0,4174000.0,30000,15000.0,Obligation_Payment,voucher,2022-10-01 13:31:38.393,2022-10-07 14:23:54.774,0.003593675131768,0.5,0.5,0.5,0.5,13.5,7826085.5,38500.0,0.8148148148148148,1.0,2.5
9153,149,15555150,104396.9798657718,47500.0,5960000,40000.0,Interactive_Service,direct discount,2022-08-05 10:47:00.726,2022-10-21 08:11:39.069,0.3831528464849262,0.3422818791946309,0.1543624161073825,0.2751677852348993,0.3020134228187919,2.174496644295302,351217.8456375839,5905.838926174497,0.8148148148148148,0.6040268456375839,0.7651006711409396
9158,19,2136550,112450.0,104500.0,760000,40000.0,Interactive_Service,direct discount,2022-08-12 10:15:37.798,2022-09-05 17:40:11.183,0.3557136505113383,0.8421052631578947,0.3157894736842105,0.6842105263157895,0.7368421052631579,19.526315789473685,3173489.4210526315,15736.842105263158,0.9514824797843666,1.7894736842105263,2.631578947368421
9162,1,42750,42750.0,42750.0,18000,18000.0,Interactive_Service,direct discount,2022-08-31 10:34:19.835,2022-08-31 10:34:19.835,0.4210526315789473,1.0,0.0,0.0,0.0,2.0,38000.0,0.0,1.0,1.0,1.0
9167,463,11767640,25416.069114470843,10000.0,4167000,9000.0,Access_Service,voucher,2022-08-04 14:05:01.738,2022-09-05 23:35:02.176,0.3541066857925633,0.6781857451403888,0.3174946004319654,0.5269978401727862,0.6112311015118791,7.144708423326134,556550.6695464363,13150.194384449243,0.8225513905683193,1.0539956803455723,1.6220302375809936
9169,491,24683584,50272.06517311609,20000.0,4910000,10000.0,Access_Service,voucher,2022-08-04 15:44:09.436,2022-09-05 22:25:33.138,0.1989176288175979,0.6293279022403259,0.2545824847250509,0.4562118126272912,0.560081466395112,6.6456211812627295,785545.6802443992,9367.535641547862,0.8596383695985289,0.9959266802443992,1.45010183299389
9170,110,18931108,172100.9818181818,129500.0,1650000,15000.0,Goods_Transaction,voucher,2022-08-09 05:58:09.502,2022-08-26 14:07:54.957,0.08715813147334,0.7818181818181819,0.3272727272727272,0.5909090909090909,0.7090909090909091,6.381818181818182,844718.5454545454,7599.545454545455,0.896011396011396,1.3727272727272728,1.8272727272727276
9179,231,19763000,85554.11255411255,50000.0,4620000,20000.0,Daily_Consumption,direct discount,2022-08-19 22:15:02.062,2022-12-31 20:46:43.249,0.2337701765926225,0.4025974025974026,0.1941747572815534,0.4857142857142857,0.6231884057971014,2.4891774891774894,317661.29004329006,6199.12987012987,0.8643478260869565,0.670995670995671,0.8051948051948052
9185,2,136290,68145.0,68145.0,30000,15000.0,OnDemand_Service,voucher,2022-08-06 12:03:17.955,2022-08-11 19:12:38.156,0.2201188641866608,1.0,0.5,1.0,1.0,11.0,1216604.5,0.0,1.0,2.0,3.0
9189,3,1240500,413500.0,397700.0,45000,15000.0,Goods_Transaction,voucher,2022-09-14 16:04:03.960,2022-10-01 00:09:39.586,0.0362756952841596,0.3333333333333333,0.3333333333333333,0.3333333333333333,0.3333333333333333,6.333333333333333,1560380.3333333333,122333.33333333331,0.0,1.0,4.0
9206,13,247000,19000.0,19000.0,234000,18000.0,Interactive_Service,direct discount,2022-08-10 12:07:00.291,2022-08-23 05:07:44.220,0.9473684210526316,0.6153846153846154,0.4615384615384615,0.6153846153846154,0.6153846153846154,11.0,1866076.2307692308,4153.846153846154,0.958041958041958,1.3846153846153846,1.6153846153846154
9230,2,120000,60000.0,60000.0,20000,10000.0,Access_Service,direct discount,2022-08-24 12:14:46.065,2022-08-24 12:45:33.852,0.1666666666666666,0.5,0.0,0.0,0.0,0.5,10000.0,2500.0,0.0,0.5,0.5
9242,1,43000,43000.0,43000.0,20000,20000.0,Daily_Consumption,direct discount,2022-10-14 12:15:34.383,2022-10-14 12:15:34.383,0.4651162790697674,1.0,0.0,1.0,1.0,2.0,116000.0,0.0,1.0,1.0,1.0
9243,8,85000,10625.0,10000.0,40000,5000.0,Access_Service,voucher,2022-08-23 19:14:03.156,2022-09-25 12:50:33.900,0.4705882352941176,0.625,0.5,0.5,0.625,13.25,267375.0,10373.75,0.9339622641509434,1.0,2.0
9246,1,165000,165000.0,165000.0,10000,10000.0,Obligation_Payment,voucher,2022-09-19 08:34:04.401,2022-09-19 08:34:04.401,0.0606060606060606,1.0,0.0,1.0,1.0,13.0,7552698.0,10000.0,0.9230769230769232,2.0,3.0
9250,1,125000,125000.0,125000.0,20000,20000.0,Unknown_Group,voucher,2022-09-23 01:02:16.923,2022-09-23 01:02:16.923,0.16,0.0,0.0,0.0,0.0,0.0,0.0,0.0,0.0,0.0,0.0
9251,1,108000,108000.0,108000.0,10000,10000.0,OnDemand_Service,voucher,2022-09-22 14:31:26.198,2022-09-22 14:31:26.198,0.0925925925925925,1.0,1.0,1.0,1.0,8.0,639190.0,10000.0,0.875,2.0,2.0
9268,2,1050500,525250.0,525250.0,30000,15000.0,Goods_Transaction,voucher,2022-08-26 22:16:37.753,2022-09-11 07:58:22.358,0.02855782960495,1.0,0.5,1.0,1.0,8.5,5484550.0,20000.0,0.7647058823529411,2.0,2.0
9269,5,1913000,382600.0,415000.0,75000,15000.0,Goods_Transaction,direct discount,2022-09-21 07:45:36.089,2022-09-30 23:49:37.719,0.0392054364871928,0.8,0.4,0.8,0.8,15.6,2779936.2,82594.0,0.6153846153846154,2.2,3.6
9274,3,220000,73333.33333333333,76000.0,45000,15000.0,Daily_Consumption,direct discount,2022-09-12 08:44:40.494,2022-09-17 14:24:30.820,0.2045454545454545,1.0,0.0,1.0,1.0,34.0,5048829.0,110333.33333333331,0.7745098039215687,3.6666666666666665,11.333333333333334
9283,7,6600963,942994.7142857144,779531.0,140000,20000.0,Goods_Transaction,voucher,2022-09-02 13:57:20.130,2022-09-30 20:30:48.964,0.0212090266223276,0.8571428571428571,0.2857142857142857,0.7142857142857143,0.8571428571428571,7.142857142857143,1708945.2857142857,22642.85714285714,0.8,1.5714285714285714,2.142857142857143
9284,1,128000,128000.0,128000.0,25000,25000.0,Daily_Consumption,voucher,2022-09-15 11:16:12.769,2022-09-15 11:16:12.769,0.1953125,1.0,0.0,1.0,1.0,1.0,10000.0,0.0,1.0,1.0,1.0
9285,7,638150,91164.28571428572,99000.0,105000,15000.0,Daily_Consumption,direct discount,2022-09-22 07:15:18.849,2022-11-17 07:56:08.291,0.164538117997336,0.7142857142857143,0.2857142857142857,0.7142857142857143,0.75,3.0,328659.71428571426,9285.714285714286,0.7142857142857143,1.2857142857142858,1.5714285714285714
9287,134,207882485,1551361.828358209,1446610.0,6700000,50000.0,Obligation_Payment,voucher,2022-09-06 21:22:22.102,2022-12-19 14:46:20.812,0.032229747494119,0.7238805970149254,0.2313432835820895,0.624,0.78,4.350746268656716,2805340.1268656715,7817.164179104478,0.8593481989708405,1.126865671641791,1.5149253731343284
9290,1,327806,327806.0,327806.0,10000,10000.0,Obligation_Payment,voucher,2022-08-20 23:53:15.722,2022-08-20 23:53:15.722,0.030505847971056,1.0,1.0,1.0,1.0,8.0,1338551.0,10000.0,0.75,2.0,4.0
9291,1,208680,208680.0,208680.0,15000,15000.0,Goods_Transaction,voucher,2022-08-17 08:22:51.249,2022-08-17 08:22:51.249,0.0718803910293272,1.0,1.0,1.0,1.0,8.0,3030558.0,10000.0,0.875,2.0,3.0
9298,1,248000,248000.0,248000.0,15000,15000.0,Daily_Consumption,direct discount,2022-09-27 14:46:02.364,2022-09-27 14:46:02.364,0.0604838709677419,1.0,0.0,0.0,1.0,1.0,265000.0,0.0,1.0,1.0,1.0
9307,1,10000,10000.0,10000.0,5000,5000.0,Access_Service,voucher,2022-09-01 07:00:23.823,2022-09-01 07:00:23.823,0.5,1.0,1.0,1.0,1.0,3.0,110000.0,0.0,1.0,1.0,1.0
9308,1,45000,45000.0,45000.0,10000,10000.0,Daily_Consumption,direct discount,2022-09-14 10:57:18.672,2022-09-14 10:57:18.672,0.2222222222222222,0.0,0.0,0.0,0.0,0.0,0.0,0.0,0.0,0.0,0.0
9310,2,247000,123500.0,123500.0,30000,15000.0,Daily_Consumption,direct discount,2022-09-01 10:00:30.130,2022-09-26 16:09:41.101,0.1214574898785425,1.0,0.5,0.5,1.0,15.0,1770522.5,62995.0,0.7666666666666667,2.0,4.5
9311,3,202000,67333.33333333333,59000.0,30000,10000.0,Financial_Service,direct discount,2022-09-08 09:48:35.666,2022-09-20 12:08:48.753,0.1485148514851485,0.6666666666666666,0.0,0.6666666666666666,0.6666666666666666,1.3333333333333333,35000.0,0.0,1.0,1.0,1.0
9317,2,81001,40500.5,40500.5,40000,20000.0,Goods_Transaction,voucher,2022-09-03 19:07:23.024,2022-09-06 19:01:09.688,0.4938210639374822,0.5,0.5,0.5,0.5,4.5,159800.0,15000.0,0.7777777777777778,2.0,2.5
9318,1,125000,125000.0,125000.0,15000,15000.0,Unknown_Group,voucher,2022-09-03 18:28:56.565,2022-09-03 18:28:56.565,0.12,1.0,0.0,0.0,1.0,1.0,125000.0,56000.0,0.0,1.0,1.0
9319,11,11000,1000.0,1000.0,10890,990.0,Goods_Transaction,voucher,2022-08-29 08:23:49.849,2022-09-14 09:45:11.465,0.99,0.8181818181818182,0.3636363636363636,0.5454545454545454,0.7272727272727273,20.0,559162.7272727273,7675.454545454545,0.8954545454545455,1.2727272727272727,2.1818181818181817
9320,1,105000,105000.0,105000.0,15000,15000.0,OnDemand_Service,voucher,2022-08-29 18:20:34.479,2022-08-29 18:20:34.479,0.1428571428571428,1.0,1.0,1.0,1.0,7.0,602300.0,0.0,1.0,3.0,5.0
9321,1,33000,33000.0,33000.0,15000,15000.0,Goods_Transaction,voucher,2022-08-28 15:49:19.711,2022-08-28 15:49:19.711,0.4545454545454545,0.0,0.0,0.0,0.0,0.0,0.0,0.0,0.0,0.0,0.0
9341,1,30000,30000.0,30000.0,10000,10000.0,Goods_Transaction,voucher,2022-08-21 15:01:20.025,2022-08-21 15:01:20.025,0.3333333333333333,1.0,1.0,1.0,1.0,30.0,1672311.0,392990.0,0.0333333333333333,6.0,16.0
9345,7,1490800,212971.42857142855,150000.0,280000,40000.0,Daily_Consumption,voucher,2022-09-28 10:16:58.628,2022-10-29 14:08:45.810,0.1878186208746981,0.7142857142857143,0.4285714285714285,0.4285714285714285,0.7142857142857143,2.142857142857143,180428.57142857145,1428.571428571429,0.9333333333333332,1.4285714285714286,1.5714285714285714
9350,5,934500,186900.0,207500.0,75000,15000.0,Goods_Transaction,voucher,2022-09-01 12:19:55.667,2022-09-25 17:58:23.235,0.0802568218298555,0.4,0.0,0.0,0.2,0.8,65340.0,0.0,1.0,0.6,0.8
9354,115,16321111,141922.70434782607,95000.0,2107683,18327.678260869565,Access_Service,direct discount,2022-08-22 10:02:10.210,2022-12-29 06:10:21.433,0.129138451420372,0.6086956521739131,0.1140350877192982,0.4392523364485981,0.5714285714285714,2.782608695652174,515854.2608695653,6191.304347826087,0.8625,0.8869565217391304,1.1130434782608696
9364,3,258000,86000.0,55000.0,45000,15000.0,Daily_Consumption,direct discount,2022-10-08 19:53:46.120,2022-11-09 13:32:11.079,0.1744186046511628,1.0,0.0,1.0,1.0,12.0,170000.0,3333.333333333333,0.9722222222222222,1.6666666666666667,1.6666666666666667
9386,244,167850818,687913.1885245901,434626.5,12200000,50000.0,Obligation_Payment,voucher,2022-08-26 09:05:45.487,2022-09-27 20:45:25.396,0.0726835897814927,0.7991803278688525,0.2540983606557377,0.6065573770491803,0.7418032786885246,4.209016393442623,2084687.5778688523,13883.606557377048,0.762414800389484,1.319672131147541,1.6967213114754098
9387,488,347853570,712814.6926229508,464754.0,24400000,50000.0,Obligation_Payment,voucher,2022-08-24 23:10:08.960,2022-09-27 20:22:33.142,0.0701444576233614,0.7950819672131147,0.2561475409836065,0.6065573770491803,0.7540983606557377,4.956967213114754,2398330.520491803,14864.879098360656,0.7701529557668458,1.2971311475409837,1.7950819672131149
9395,18,2335245,129735.83333333331,93250.0,270000,15000.0,Goods_Transaction,voucher,2022-08-24 22:10:08.905,2022-08-30 20:08:28.543,0.1156195602602724,0.8888888888888888,0.4444444444444444,0.7777777777777778,0.8888888888888888,6.611111111111111,870679.3333333334,7222.222222222223,0.9327731092436976,1.8333333333333333,2.2777777777777777
9413,7,1109000,158428.57142857142,130000.0,350000,50000.0,Unknown_Group,direct discount,2022-09-06 13:54:22.861,2022-09-28 21:02:51.928,0.3155996393146979,0.7142857142857143,0.2857142857142857,0.7142857142857143,0.7142857142857143,5.142857142857143,389204.28571428574,17857.14285714286,0.7777777777777778,1.1428571428571428,1.5714285714285714
9416,2,603710,301855.0,301855.0,40000,20000.0,Unknown_Group,direct discount,2022-09-02 10:08:50.593,2022-09-02 10:48:27.514,0.0662569776879627,1.0,0.0,1.0,1.0,2.5,160500.0,8000.0,0.8,1.5,1.5
9421,4,470882,117720.5,115991.0,120000,30000.0,Goods_Transaction,direct discount,2022-09-13 15:53:11.143,2022-09-30 10:04:53.574,0.2548409155584626,0.75,0.25,0.5,0.75,4.25,366892.0,7500.0,0.8235294117647058,0.75,1.0
9422,8,160000,20000.0,20000.0,80000,10000.0,Access_Service,voucher,2022-09-20 18:08:15.295,2022-09-29 16:16:28.779,0.5,0.75,0.0,0.25,0.625,5.25,383831.5,13495.0,0.6904761904761905,1.375,2.5
9426,3,2071000,690333.3333333334,95000.0,60000,20000.0,Interactive_Service,direct discount,2022-09-07 10:38:26.588,2022-09-21 21:47:18.983,0.0289715113471752,1.0,0.6666666666666666,1.0,1.0,23.33333333333333,13070500.0,2333.333333333333,0.9714285714285714,1.3333333333333333,2.0
9427,1,95000,95000.0,95000.0,20000,20000.0,Interactive_Service,direct discount,2022-09-16 10:53:45.121,2022-09-16 10:53:45.121,0.2105263157894736,1.0,1.0,1.0,1.0,100.0,10840050.0,5000.0,0.99,2.0,2.0
9445,7,188000,26857.14285714286,28000.0,70000,10000.0,Internal_Service,voucher,2022-09-05 11:18:12.646,2022-09-19 10:37:13.340,0.3723404255319149,1.0,0.8571428571428571,1.0,1.0,42.0,1330850.0,25714.285714285717,0.9421768707482994,3.2857142857142856,4.857142857142857
9448,578,122120677,211281.4480968858,88900.0,8670000,15000.0,Goods_Transaction,voucher,2022-09-09 00:18:59.253,2022-10-01 20:10:56.465,0.0709953483143563,0.8200692041522492,0.513840830449827,0.7231833910034602,0.8027681660899654,11.103806228373704,1606894.899653979,10509.778546712803,0.9287940168276722,1.5622837370242215,1.9740484429065743
9470,1,50000,50000.0,50000.0,9000,9000.0,Goods_Transaction,voucher,2022-09-08 20:12:40.673,2022-09-08 20:12:40.673,0.18,1.0,1.0,1.0,1.0,2.0,55306.0,20000.0,0.5,2.0,2.0
9499,1,189665,189665.0,189665.0,10000,10000.0,Obligation_Payment,voucher,2022-09-14 21:40:41.206,2022-09-14 21:40:41.206,0.0527245406374397,1.0,0.0,0.0,1.0,9.0,1021339.0,57000.0,0.3333333333333333,2.0,5.0
9522,446,13708649,30736.881165919283,10000.0,4014000,9000.0,Access_Service,voucher,2022-09-07 16:10:21.135,2022-10-03 18:01:37.632,0.2928078470752296,0.6188340807174888,0.2847533632286995,0.4865470852017937,0.5627802690582959,5.695067264573991,432738.8430493274,8803.811659192825,0.8531496062992125,0.9439461883408072,1.3295964125560538
9524,1,50000,50000.0,50000.0,10000,10000.0,Access_Service,voucher,2022-09-22 15:20:34.206,2022-09-22 15:20:34.206,0.2,1.0,0.0,1.0,1.0,4.0,6388000.0,15000.0,0.75,1.0,1.0
9537,26,40250,1548.076923076923,1000.0,25770,991.1538461538462,Goods_Transaction,voucher,2022-09-14 21:12:09.064,2022-09-30 23:10:45.382,0.640248447204969,0.8076923076923077,0.6538461538461539,0.8076923076923077,0.8076923076923077,9.0,564575.5384615385,11265.384615384615,0.8717948717948718,1.6923076923076923,2.0
9538,32,16181228,505663.375,87000.0,160000,5000.0,Goods_Transaction,voucher,2022-09-13 12:40:11.771,2022-09-30 21:05:01.080,0.0098880010837249,0.71875,0.46875,0.59375,0.65625,5.25,632592.03125,7000.0,0.8809523809523809,1.25,1.78125
9541,3,39000,13000.0,14000.0,19500,6500.0,Access_Service,voucher,2022-10-03 07:20:36.687,2022-11-13 18:42:46.178,0.5,1.0,1.0,1.0,1.0,17.666666666666668,259333.3333333333,17500.0,0.8679245283018868,1.0,2.333333333333333
9551,1,184000,184000.0,184000.0,10000,10000.0,Goods_Transaction,voucher,2022-10-15 22:51:54.037,2022-10-15 22:51:54.037,0.0543478260869565,0.0,0.0,0.0,0.0,0.0,0.0,0.0,0.0,0.0,0.0
9558,3,190000,63333.333333333336,47500.0,120000,40000.0,Interactive_Service,voucher,2022-09-22 16:52:21.476,2022-09-26 18:49:12.127,0.631578947368421,0.3333333333333333,0.3333333333333333,0.3333333333333333,0.3333333333333333,1.3333333333333333,151605.33333333334,3333.333333333333,0.75,0.6666666666666666,1.0
9564,1,95000,95000.0,95000.0,15000,15000.0,Interactive_Service,voucher,2022-09-27 19:06:10.054,2022-09-27 19:06:10.054,0.1578947368421052,0.0,0.0,0.0,0.0,0.0,0.0,0.0,0.0,0.0,0.0
9571,2,150000,75000.0,75000.0,10000,5000.0,Access_Service,voucher,2022-09-20 20:28:19.981,2022-10-06 13:26:43.883,0.0666666666666666,0.5,0.5,0.5,0.5,7.5,384020.0,12500.0,0.8666666666666667,1.5,2.5
9578,2,1969200,984600.0,984600.0,40000,20000.0,Goods_Transaction,voucher,2022-10-08 09:47:36.816,2022-10-31 19:58:31.471,0.0203128173877716,1.0,0.5,1.0,1.0,4.0,1137950.0,70000.0,0.125,2.5,3.0
9579,6,6221267,1036877.8333333334,813697.5,120000,20000.0,Goods_Transaction,voucher,2022-10-05 20:05:02.411,2022-10-21 14:20:54.132,0.0192886754418352,0.6666666666666666,0.3333333333333333,0.5,0.6666666666666666,3.1666666666666665,624126.1666666666,35833.333333333336,0.5789473684210527,1.6666666666666667,2.1666666666666665
9580,2,451400,225700.0,225700.0,30000,15000.0,Goods_Transaction,voucher,2022-10-03 10:42:34.880,2022-10-13 09:20:09.808,0.0664599025254763,0.0,0.0,0.0,0.0,0.0,0.0,0.0,0.0,0.0,0.0
9581,1,48000,48000.0,48000.0,10000,10000.0,Goods_Transaction,voucher,2022-10-31 07:17:46.064,2022-10-31 07:17:46.064,0.2083333333333333,0.0,0.0,0.0,0.0,0.0,0.0,0.0,0.0,0.0,0.0
9605,3,1217900,405966.6666666667,330000.0,45000,15000.0,Goods_Transaction,voucher,2022-10-06 16:30:44.571,2022-10-29 11:05:02.217,0.0369488463749076,0.6666666666666666,0.6666666666666666,0.6666666666666666,0.6666666666666666,2.6666666666666665,250333.3333333333,2333.333333333333,0.75,1.0,1.0
9614,1,51999,51999.0,51999.0,20000,20000.0,Goods_Transaction,voucher,2022-10-29 01:04:13.446,2022-10-29 01:04:13.446,0.3846227812073309,1.0,0.0,1.0,1.0,1.0,46800.0,10000.0,0.0,1.0,1.0
9620,16,3200000,200000.0,100000.0,800000,50000.0,Interactive_Service,direct discount,2022-09-26 12:30:20.601,2022-09-30 23:54:17.723,0.25,0.625,0.1875,0.375,0.5,4.3125,758473.125,2500.0,0.9565217391304348,0.75,0.875
9622,3,300000,100000.0,100000.0,150000,50000.0,Interactive_Service,direct discount,2022-09-21 22:39:00.958,2022-09-24 22:16:33.829,0.5,0.6666666666666666,0.0,0.3333333333333333,0.6666666666666666,1.3333333333333333,388114.0,8333.333333333334,0.75,1.0,1.0
9627,19,1368000,72000.0,65000.0,285000,15000.0,Financial_Service,direct discount,2022-10-05 19:34:02.136,2022-11-25 22:46:35.444,0.2083333333333333,0.4736842105263157,0.1578947368421052,0.4210526315789473,0.7142857142857143,1.105263157894737,160785.42105263157,10315.78947368421,0.6666666666666666,0.8947368421052632,1.0526315789473684
9631,3,169000,56333.333333333336,55000.0,30000,10000.0,Daily_Consumption,direct discount,2022-10-20 11:02:23.361,2022-11-11 16:27:49.152,0.1775147928994082,1.0,0.0,0.6666666666666666,1.0,10.0,568666.6666666666,10666.666666666666,0.8666666666666667,2.333333333333333,3.333333333333333
9632,211,130216055,617137.701421801,520000.0,8755697,41496.19431279621,Goods_Transaction,voucher,2022-09-23 12:55:04.556,2022-10-19 15:23:13.513,0.0672397654805315,0.4454976303317535,0.2701421800947867,0.3838862559241706,0.4360189573459715,1.5023696682464456,453430.6066350711,20543.60663507109,0.5993690851735016,0.7014218009478673,0.8151658767772512
9643,2,117000,58500.0,58500.0,30000,15000.0,Daily_Consumption,direct discount,2022-10-18 12:41:56.155,2022-10-26 13:24:35.682,0.2564102564102564,0.5,0.5,0.5,0.5,3.5,63500.0,0.0,1.0,0.5,0.5
9645,89,42527991,477842.595505618,484231.0,4450000,50000.0,Obligation_Payment,direct discount,2022-09-23 12:41:39.527,2022-10-31 14:32:14.724,0.10463696721531,0.1011235955056179,0.0898876404494382,0.0898876404494382,0.1011235955056179,1.3932584269662922,370629.7640449439,13151.685393258427,0.3870967741935484,0.3370786516853932,0.5842696629213483
9646,50,27403198,548063.96,529000.0,2200128,44002.56,Goods_Transaction,direct discount,2022-10-20 11:01:42.374,2022-11-14 12:33:22.647,0.0802872715804921,0.44,0.26,0.44,0.4,0.82,226754.58,9580.0,0.6341463414634146,0.5,0.56
9648,2,453000,226500.0,226500.0,30000,15000.0,Goods_Transaction,direct discount,2022-10-19 15:19:42.912,2022-10-29 01:19:57.157,0.0662251655629139,1.0,0.5,1.0,1.0,16.0,1513378.5,20000.0,0.9375,2.5,4.5
9649,5,1483000,296600.0,273000.0,100000,20000.0,Goods_Transaction,direct discount,2022-10-05 10:50:49.741,2022-10-24 19:50:54.911,0.0674308833445718,0.6,0.2,0.6,0.6,1.6,215900.0,8000.0,0.75,0.6,0.8
9650,193,20056650,103920.46632124353,95000.0,17370000,90000.0,Interactive_Service,direct discount,2022-09-27 19:43:39.600,2022-12-06 23:49:14.216,0.8660469220931711,0.1450777202072538,0.077720207253886,0.0567375886524822,0.0983606557377049,0.6632124352331606,126216.1450777202,9735.751295336788,0.25,0.2849740932642487,0.466321243523316
9651,166,28585658,172202.7590361446,126194.0,4150000,25000.0,Obligation_Payment,direct discount,2022-09-23 09:50:00.576,2022-12-28 15:04:06.400,0.1451776971514876,0.1024096385542168,0.0787878787878787,0.103030303030303,0.087248322147651,0.7951807228915663,125437.7891566265,6804.21686746988,0.4166666666666667,0.2469879518072289,0.4518072289156626
9664,2,1886000,943000.0,943000.0,80000,40000.0,Goods_Transaction,direct discount,2022-10-20 12:16:52.022,2022-10-26 21:51:30.355,0.0424178154825026,0.0,0.0,0.0,0.0,0.0,0.0,0.0,0.0,0.0,0.0
9669,76,6358448,83663.78947368421,19100.0,1140000,15000.0,Goods_Transaction,direct discount,2022-10-03 14:29:47.185,2022-12-30 11:20:51.824,0.1792890340535929,0.4868421052631579,0.3676470588235294,0.5,0.6190476190476191,7.513157894736842,2269763.460526316,24460.526315789477,0.819614711033275,0.9605263157894736,1.4605263157894737
9689,9,840000,93333.33333333331,99000.0,135000,15000.0,OnDemand_Service,voucher,2022-11-20 11:53:51.913,2022-12-29 11:44:41.493,0.1607142857142857,0.7777777777777778,0.25,0.5,0.0,1.7777777777777777,169072.22222222222,6111.111111111111,0.625,1.0,1.0
9700,11,2182000,198363.63636363635,110000.0,2083000,189363.63636363635,Unknown_Group,direct discount,2022-10-04 11:04:51.685,2022-10-19 22:14:54.429,0.954628780934922,0.7272727272727273,0.3636363636363636,0.7272727272727273,0.7272727272727273,3.363636363636364,940326.1818181818,11363.636363636364,0.7837837837837838,1.4545454545454546,1.7272727272727273
9702,47,9015818,191825.914893617,125000.0,2336818,49719.53191489362,Unknown_Group,direct discount,2022-10-06 22:25:22.923,2022-12-06 18:02:57.775,0.259190902034624,0.425531914893617,0.1276595744680851,0.2888888888888888,0.3333333333333333,1.25531914893617,239169.27659574468,9085.106382978724,0.7457627118644068,0.6595744680851063,0.7872340425531915
9705,171,37592544,219839.43859649124,210000.0,18745090,109620.40935672514,Unknown_Group,direct discount,2022-10-01 06:02:32.576,2022-12-30 15:48:57.503,0.4986385066145031,0.4327485380116959,0.1818181818181818,0.39568345323741,0.5108695652173914,1.3216374269005848,145893.95321637427,10431.684210526317,0.6814159292035398,0.7134502923976608,0.8362573099415205
9709,3,350000,116666.66666666669,100000.0,233000,77666.66666666667,Unknown_Group,direct discount,2022-10-07 09:29:31.246,2022-10-09 22:59:03.018,0.6657142857142857,0.6666666666666666,0.3333333333333333,0.3333333333333333,0.6666666666666666,8.333333333333334,2109425.0,0.0,1.0,1.6666666666666667,2.6666666666666665
9732,99,17210000,173838.38383838383,125000.0,8044000,81252.52525252526,Unknown_Group,direct discount,2022-10-06 14:10:23.644,2022-12-31 20:36:10.928,0.4674026728646136,0.202020202020202,0.1463414634146341,0.2884615384615384,0.4074074074074074,0.5757575757575758,88558.61616161616,5717.171717171717,0.5263157894736842,0.3131313131313131,0.3636363636363636
9734,2,227113,113556.5,113556.5,60000,30000.0,Goods_Transaction,direct discount,2022-10-07 12:00:21.755,2022-10-18 17:25:47.701,0.2641856696886572,1.0,1.0,1.0,1.0,7.5,2435950.0,10000.0,0.8666666666666667,2.5,2.5
9735,11,71000,6454.545454545455,5000.0,35500,3227.2727272727275,Access_Service,voucher,2022-10-13 22:32:02.985,2022-11-07 16:41:30.186,0.5,0.4545454545454545,0.2727272727272727,0.4545454545454545,0.3333333333333333,1.9090909090909087,78445.45454545454,1818.1818181818185,0.9047619047619048,0.5454545454545454,0.7272727272727273
9736,39,1000000,25641.02564102564,20000.0,390000,10000.0,Access_Service,voucher,2022-10-06 14:19:26.620,2022-11-06 22:55:52.986,0.39,0.6666666666666666,0.4871794871794871,0.5641025641025641,0.6176470588235294,2.641025641025641,290604.28205128206,9538.46153846154,0.6990291262135923,0.8461538461538461,1.205128205128205
9738,1,208174,208174.0,208174.0,15000,15000.0,Obligation_Payment,voucher,2022-11-15 13:23:10.373,2022-11-15 13:23:10.373,0.0720551077464044,1.0,0.0,1.0,0.0,2.0,369043.0,0.0,1.0,1.0,1.0
9739,3,431254,143751.33333333334,117167.0,45000,15000.0,Obligation_Payment,voucher,2022-10-07 22:00:55.984,2022-10-14 22:38:49.415,0.1043468582320395,0.3333333333333333,0.3333333333333333,0.3333333333333333,0.3333333333333333,5.666666666666667,821389.3333333334,86333.33333333333,0.1176470588235294,1.6666666666666667,4.0
9740,1,165000,165000.0,165000.0,15000,15000.0,Obligation_Payment,voucher,2022-11-02 12:44:17.998,2022-11-02 12:44:17.998,0.0909090909090909,1.0,1.0,1.0,0.0,12.0,5019092.0,40000.0,0.75,3.0,6.0
9745,11,59500,5409.090909090909,5000.0,29750,2704.5454545454545,Access_Service,voucher,2022-10-05 18:36:15.321,2022-11-02 13:24:11.684,0.5,0.7272727272727273,0.2727272727272727,0.4545454545454545,0.7,2.8181818181818183,111504.45454545454,2181.818181818182,0.8709677419354839,0.8181818181818182,1.2727272727272727
9746,17,220000,12941.176470588236,10000.0,34000,2000.0,Access_Service,voucher,2022-10-05 14:01:00.376,2022-11-10 14:30:26.852,0.1545454545454545,0.4117647058823529,0.1176470588235294,0.2941176470588235,0.4666666666666667,3.235294117647059,94358.11764705884,1764.7058823529412,0.9454545454545454,0.7647058823529411,0.9411764705882352
9749,1,115575,115575.0,115575.0,10000,10000.0,Obligation_Payment,voucher,2022-10-20 19:24:34.290,2022-10-20 19:24:34.290,0.0865239022279904,1.0,0.0,1.0,1.0,5.0,410000.0,10000.0,0.8,2.0,2.0
9756,3,85500,28500.0,19000.0,42750,14250.0,Interactive_Service,direct discount,2022-09-30 17:14:18.114,2022-10-02 15:49:04.065,0.5,1.0,1.0,1.0,1.0,11.0,7050916.666666667,1666.6666666666667,0.9696969696969696,1.3333333333333333,1.6666666666666667
9768,3,1535000,511666.6666666667,219000.0,45000,15000.0,Daily_Consumption,direct discount,2022-10-04 18:25:05.507,2022-10-29 11:18:15.471,0.0293159609120521,0.6666666666666666,0.3333333333333333,0.6666666666666666,0.6666666666666666,8.666666666666666,491422.3333333333,20000.0,0.8461538461538461,1.3333333333333333,2.6666666666666665
9770,181,120095502,663511.0607734807,386534.0,9050000,50000.0,Obligation_Payment,voucher,2022-09-28 19:15:26.322,2022-10-26 23:03:43.060,0.0753566940417135,0.6685082872928176,0.2044198895027624,0.4806629834254143,0.6464088397790055,3.883977900552486,1214050.4309392264,10563.53591160221,0.813655761024182,1.1104972375690607,1.425414364640884
9771,418,318604039,762210.6196172249,447653.5,20900000,50000.0,Obligation_Payment,voucher,2022-09-30 09:29:27.538,2022-10-26 20:38:41.508,0.0655986661864007,0.7655502392344498,0.2344497607655502,0.5956937799043063,0.7392344497607656,3.7344497607655502,1828358.1483253588,7959.33014354067,0.8283151825752723,1.2583732057416268,1.5980861244019138
9773,129,106367074,824550.9612403101,483926.0,9030000,70000.0,Obligation_Payment,voucher,2022-09-29 18:47:57.558,2022-10-26 17:00:58.312,0.08489469213001,0.7441860465116279,0.2248062015503876,0.5891472868217055,0.7131782945736435,4.217054263565892,2093536.0852713175,10782.945736434109,0.8161764705882353,1.162790697674419,1.6124031007751938
9796,1,97000,97000.0,97000.0,29000,29000.0,Daily_Consumption,direct discount,2022-10-11 14:24:38.118,2022-10-11 14:24:38.118,0.2989690721649484,1.0,0.0,0.0,1.0,2.0,22000.0,0.0,1.0,1.0,1.0
9827,5,904000,180800.0,233000.0,100000,20000.0,Daily_Consumption,direct discount,2022-10-02 13:12:08.297,2022-10-20 21:57:46.932,0.1106194690265486,0.4,0.2,0.4,0.4,1.8,251565.8,0.0,1.0,0.6,0.8
9828,1,105000,105000.0,105000.0,5000,5000.0,Daily_Consumption,direct discount,2022-10-22 12:54:45.188,2022-10-22 12:54:45.188,0.0476190476190476,1.0,1.0,1.0,1.0,13.0,1069493.0,105000.0,0.8461538461538461,4.0,6.0
9897,12,1660000,138333.33333333334,125000.0,742000,61833.333333333336,Unknown_Group,direct discount,2022-10-27 21:56:08.883,2022-11-15 12:05:15.139,0.4469879518072289,0.3333333333333333,0.1666666666666666,0.3333333333333333,0.5,0.9166666666666666,46083.333333333336,13083.333333333334,0.4545454545454545,0.6666666666666666,0.6666666666666666
9898,126,22461000,178261.90476190476,130000.0,14689000,116579.36507936507,Unknown_Group,direct discount,2022-10-18 12:27:07.406,2022-12-31 21:52:23.743,0.6539780063220694,0.2301587301587301,0.1228070175438596,0.1904761904761904,0.4375,0.7619047619047619,81469.61904761905,4484.126984126984,0.7395833333333334,0.3571428571428571,0.492063492063492
9909,1,407000,407000.0,407000.0,30000,30000.0,Goods_Transaction,direct discount,2022-10-17 22:59:56.043,2022-10-17 22:59:56.043,0.0737100737100737,1.0,0.0,0.0,1.0,1.0,50000.0,0.0,1.0,1.0,1.0
9913,6,340000,56666.66666666666,50000.0,180000,30000.0,Interactive_Service,voucher,2022-10-10 21:03:38.270,2022-10-16 17:22:09.307,0.5294117647058824,0.6666666666666666,0.5,0.6666666666666666,0.6666666666666666,11.5,1453335.1666666667,128416.66666666669,0.3333333333333333,2.6666666666666665,6.333333333333333
9928,46,5674000,123347.82608695651,100000.0,3220000,70000.0,Interactive_Service,direct discount,2022-10-08 20:18:21.435,2022-11-13 18:24:00.537,0.5675008812125485,0.3478260869565217,0.2391304347826087,0.3260869565217391,0.375,3.5217391304347827,435490.5869565217,6260.869565217391,0.9074074074074074,0.5434782608695652,0.6086956521739131
9929,3,3693394,1231131.3333333333,1136735.0,90000,30000.0,Obligation_Payment,voucher,2022-11-22 13:21:51.425,2022-11-23 18:49:48.973,0.0243678307811189,0.3333333333333333,0.0,0.3333333333333333,0.0,0.3333333333333333,103545.33333333331,3333.333333333333,0.0,0.3333333333333333,0.3333333333333333
9931,1,200000,200000.0,200000.0,30000,30000.0,Obligation_Payment,direct discount,2022-10-29 23:04:31.106,2022-10-29 23:04:31.106,0.15,0.0,0.0,0.0,0.0,0.0,0.0,0.0,0.0,0.0,0.0
9938,2,7216000,3608000.0,3608000.0,60000,30000.0,Obligation_Payment,direct discount,2022-10-15 21:16:07.522,2022-10-16 22:21:27.289,0.0083148558758314,0.0,0.0,0.0,0.0,0.0,0.0,0.0,0.0,0.0,0.0
9948,1,63200,63200.0,63200.0,10000,10000.0,OnDemand_Service,voucher,2022-10-28 20:27:15.820,2022-10-28 20:27:15.820,0.1582278481012658,1.0,1.0,1.0,1.0,4.0,71000.0,10000.0,0.75,2.0,3.0
9957,2,60000,30000.0,30000.0,30000,15000.0,Interactive_Service,voucher,2022-11-01 19:10:02.513,2022-11-05 16:29:06.812,0.5,1.0,1.0,1.0,1.0,6.5,727822.0,107500.0,0.0,3.5,5.5
9958,2,253043,126521.5,126521.5,30000,15000.0,Goods_Transaction,voucher,2022-10-13 23:17:42.657,2022-10-20 17:57:37.678,0.1185569251075904,0.5,0.5,0.5,0.5,4.5,102325.0,0.0,1.0,1.0,1.0
9963,1,324000,324000.0,324000.0,20000,20000.0,Goods_Transaction,voucher,2022-10-18 12:10:40.155,2022-10-18 12:10:40.155,0.0617283950617283,1.0,1.0,1.0,1.0,12.0,3692600.0,80000.0,0.5833333333333334,2.0,5.0
9964,10,14398745,1439874.5,1095562.0,200000,20000.0,Goods_Transaction,voucher,2022-11-04 19:53:47.139,2022-11-29 13:03:48.628,0.0138900994496395,0.5,0.0,0.4,0.0,0.9,1026994.0,9000.0,0.5555555555555556,0.8,0.8
9967,8,1104600,138075.0,100000.0,120000,15000.0,Goods_Transaction,voucher,2022-11-12 12:38:14.159,2022-11-26 12:08:20.256,0.1086366105377512,0.25,0.0,0.25,0.0,0.25,123441.5,2500.0,0.5,0.25,0.25
9974,7,654550,93507.14285714286,76000.0,140000,20000.0,Interactive_Service,direct discount,2022-10-17 12:27:14.396,2022-10-31 20:52:07.742,0.2138874035596975,0.5714285714285714,0.4285714285714285,0.5714285714285714,0.5714285714285714,8.571428571428571,768535.7142857143,2000.0,0.95,1.1428571428571428,1.2857142857142858
9985,1,42000,42000.0,42000.0,10000,10000.0,Goods_Transaction,voucher,2022-11-21 17:30:10.825,2022-11-21 17:30:10.825,0.238095238095238,1.0,1.0,1.0,0.0,5.0,107000.0,0.0,1.0,2.0,3.0
9986,1,50000,50000.0,50000.0,30000,30000.0,Interactive_Service,direct discount,2022-11-06 10:13:45.922,2022-11-06 10:13:45.922,0.6,1.0,1.0,1.0,0.0,1.0,50000.0,0.0,1.0,1.0,1.0
9987,1,114998,114998.0,114998.0,20000,20000.0,Goods_Transaction,voucher,2022-11-22 03:19:54.402,2022-11-22 03:19:54.402,0.1739160681055322,1.0,1.0,1.0,0.0,9.0,1232338.0,0.0,1.0,4.0,5.0
9995,15,1500000,100000.0,100000.0,750000,50000.0,Interactive_Service,direct discount,2022-10-19 09:22:28.973,2022-10-25 12:59:19.838,0.5,0.3333333333333333,0.2,0.2666666666666666,0.3333333333333333,1.7333333333333334,335666.6666666667,2000.0,0.8461538461538461,0.4,0.4
10029,1,54000,54000.0,54000.0,15000,15000.0,Internal_Service,direct discount,2022-11-26 12:30:42.426,2022-11-26 12:30:42.426,0.2777777777777778,1.0,1.0,1.0,0.0,17.0,347000.0,10000.0,0.8823529411764706,1.0,2.0
10048,2,150000,75000.0,75000.0,60000,30000.0,Interactive_Service,voucher,2022-10-27 10:42:41.307,2022-10-29 14:19:48.830,0.4,1.0,1.0,1.0,1.0,9.5,1325000.0,12500.0,0.8947368421052632,1.5,1.5
10057,1,39000,39000.0,39000.0,15000,15000.0,Financial_Service,voucher,2022-11-16 09:27:12.100,2022-11-16 09:27:12.100,0.3846153846153846,1.0,1.0,1.0,0.0,5.0,363900.0,15000.0,0.8,2.0,2.0
10071,253,38911326,153799.7075098814,73000.0,5060000,20000.0,OnDemand_Service,voucher,2022-10-20 13:02:36.269,2022-11-08 16:00:19.547,0.1300392590064908,0.766798418972332,0.5177865612648221,0.7193675889328063,0.7783251231527094,9.66403162055336,1420958.0158102766,6779.01185770751,0.952556237218814,1.2608695652173914,1.541501976284585
10072,84,4759780,56664.04761904762,33000.0,840000,10000.0,OnDemand_Service,voucher,2022-10-20 13:08:08.805,2022-11-11 12:13:11.448,0.1764787448159368,0.75,0.3809523809523809,0.6428571428571429,0.7272727272727273,6.607142857142857,622103.9404761905,4928.571428571428,0.9423423423423424,1.1666666666666667,1.488095238095238
10073,1,50000,50000.0,50000.0,10000,10000.0,Daily_Consumption,voucher,2022-10-31 15:20:32.760,2022-10-31 15:20:32.760,0.2,0.0,0.0,0.0,0.0,0.0,0.0,0.0,0.0,0.0,0.0
10135,2,1967800,983900.0,983900.0,40000,20000.0,Goods_Transaction,direct discount,2022-11-03 10:48:59.405,2022-11-22 16:27:53.680,0.0203272690314056,0.0,0.0,0.0,0.0,0.0,0.0,0.0,0.0,0.0,0.0
10140,13,180000,13846.153846153846,10000.0,26000,2000.0,Access_Service,voucher,2022-11-08 13:52:22.087,2022-12-11 15:03:34.181,0.1444444444444444,0.4615384615384615,0.3846153846153846,0.4,0.0,7.846153846153846,361436.7692307693,32727.69230769231,0.2549019607843137,0.9230769230769232,1.9230769230769231
10142,1,249502,249502.0,249502.0,15000,15000.0,Obligation_Payment,voucher,2022-11-30 14:23:30.342,2022-11-30 14:23:30.342,0.0601197585590496,0.0,0.0,0.0,0.0,0.0,0.0,0.0,0.0,0.0,0.0
10150,13,200000,15384.615384615385,20000.0,26000,2000.0,Access_Service,voucher,2022-11-04 08:25:54.274,2022-12-06 15:54:52.793,0.13,0.5384615384615384,0.1538461538461538,0.5454545454545454,0.0,1.6153846153846154,156693.23076923078,14615.384615384615,0.4285714285714285,0.6923076923076923,1.3846153846153846
10154,1,66000,66000.0,66000.0,10000,10000.0,Obligation_Payment,voucher,2022-11-18 09:57:16.127,2022-11-18 09:57:16.127,0.1515151515151515,1.0,1.0,1.0,0.0,3.0,324000.0,0.0,1.0,1.0,1.0
10159,1,100000,100000.0,100000.0,10000,10000.0,Obligation_Payment,voucher,2022-11-22 15:09:27.685,2022-11-22 15:09:27.685,0.1,1.0,1.0,1.0,0.0,17.0,3186032.0,0.0,1.0,2.0,3.0
10183,3,2324000,774666.6666666666,875000.0,60000,20000.0,Goods_Transaction,direct discount,2022-11-23 17:43:35.838,2022-12-05 15:46:39.409,0.0258175559380378,0.0,0.0,0.0,0.0,0.0,0.0,0.0,0.0,0.0,0.0
10184,1,135000,135000.0,135000.0,19000,19000.0,Daily_Consumption,direct discount,2022-11-09 18:49:05.833,2022-11-09 18:49:05.833,0.1407407407407407,1.0,0.0,0.0,0.0,1.0,53000.0,0.0,1.0,1.0,1.0
10185,13,2102800,161753.84615384616,159000.0,260000,20000.0,Daily_Consumption,direct discount,2022-11-03 16:43:42.947,2022-11-19 18:28:51.874,0.1236446642571809,0.3846153846153846,0.1538461538461538,0.3846153846153846,0.0,0.9230769230769232,71582.30769230769,1538.4615384615386,0.9166666666666666,0.5384615384615384,0.6153846153846154
10187,2,128000,64000.0,64000.0,60000,30000.0,Daily_Consumption,direct discount,2022-11-23 20:01:51.967,2022-11-30 17:03:59.598,0.46875,1.0,0.5,1.0,0.0,5.5,146750.0,48999.5,0.2727272727272727,2.0,3.5
10193,17,323000,19000.0,19000.0,306000,18000.0,Interactive_Service,direct discount,2022-11-02 11:47:42.741,2022-11-12 11:26:14.238,0.9473684210526316,0.5882352941176471,0.5294117647058824,0.5882352941176471,0.0,15.588235294117649,827776.4705882353,4705.882352941177,0.9735849056603774,0.9411764705882352,1.1176470588235294
10194,32,13539769,423117.78125,178175.0,1600000,50000.0,Obligation_Payment,voucher,2022-10-29 10:13:14.379,2022-11-28 21:05:28.145,0.1181704060091424,0.65625,0.21875,0.59375,1.0,1.65625,650222.625,12500.0,0.5283018867924528,1.0,1.40625
10195,265,155097344,585272.996226415,273428.0,13250000,50000.0,Obligation_Payment,voucher,2022-10-27 18:19:50.988,2022-11-28 22:14:21.555,0.0854302185858192,0.6226415094339622,0.2075471698113207,0.5509433962264151,0.8571428571428571,1.950943396226415,807241.6679245284,5543.245283018868,0.793036750483559,0.920754716981132,1.139622641509434
10196,5,1665838,333167.6,201998.0,150000,30000.0,Obligation_Payment,voucher,2022-11-08 12:56:24.470,2022-11-26 19:57:12.362,0.0900447702597731,0.2,0.2,0.2,0.0,0.2,100000.0,0.0,1.0,0.2,0.2
10197,32,18691640,584113.75,407357.5,2240000,70000.0,Obligation_Payment,voucher,2022-10-30 20:06:17.018,2022-11-23 16:46:19.260,0.1198396716392997,0.5,0.1875,0.375,0.0,1.0625,238150.90625,3343.75,0.7058823529411765,0.6875,0.8125
10198,1,182000,182000.0,182000.0,15000,15000.0,Goods_Transaction,direct discount,2022-11-09 09:07:56.944,2022-11-09 09:07:56.944,0.0824175824175824,1.0,0.0,1.0,0.0,1.0,410000.0,0.0,1.0,1.0,1.0
10199,4,1498000,374500.0,409500.0,80000,20000.0,Goods_Transaction,direct discount,2022-11-09 12:40:32.013,2022-11-20 08:27:54.563,0.0534045393858478,0.0,0.0,0.0,0.0,0.0,0.0,0.0,0.0,0.0,0.0
10220,1,160142,160142.0,160142.0,15000,15000.0,Goods_Transaction,voucher,2022-11-14 19:26:50.181,2022-11-14 19:26:50.181,0.093666870652296,0.0,0.0,0.0,0.0,0.0,0.0,0.0,0.0,0.0,0.0
10249,1478,1030757935,697400.49729364,404499.0,73900000,50000.0,Obligation_Payment,voucher,2022-11-01 10:53:58.686,2022-12-31 07:46:11.437,0.0716948155242675,0.401894451962111,0.150354609929078,0.4312696747114375,0.5,1.16914749661705,509019.87753721245,3323.4100135318,0.765625,0.5412719891745602,0.7023004059539919
10286,27,6076000,225037.03703703705,210000.0,2322000,86000.0,Unknown_Group,direct discount,2022-12-09 14:03:21.308,2022-12-30 17:42:44.603,0.3821593153390388,0.1481481481481481,0.1578947368421052,0.0,0.0,0.2222222222222222,23505.703703703704,1851.851851851852,0.8333333333333334,0.1481481481481481,0.1481481481481481
10290,12,802000,66833.33333333333,44500.0,120000,10000.0,Daily_Consumption,direct discount,2022-11-17 20:43:45.081,2022-12-29 20:11:43.294,0.1496259351620947,0.75,0.7,0.3333333333333333,0.0,2.4166666666666665,340438.8333333333,32666.666666666668,0.1724137931034483,1.25,2.083333333333333
10293,16,506700,31668.75,19100.0,288000,18000.0,Goods_Transaction,voucher,2022-11-06 19:41:33.060,2022-11-25 20:56:51.433,0.5683836589698046,0.5,0.3125,0.5,0.0,4.9375,594233.75,15625.0,0.810126582278481,0.875,1.25
10306,4,200000,50000.0,50000.0,160000,40000.0,Interactive_Service,direct discount,2022-11-04 16:26:17.704,2022-11-11 07:51:56.089,0.8,0.25,0.0,0.25,0.0,0.5,47637.0,2500.0,0.5,0.5,0.5
10347,16,686500,42906.25,38000.0,400000,25000.0,Interactive_Service,voucher,2022-11-07 19:35:13.944,2022-12-13 21:32:17.906,0.5826656955571741,0.3125,0.3125,0.4,0.0,1.5,226237.875,16937.5,0.4583333333333333,0.9375,1.0625
10348,7,268000,38285.71428571428,32000.0,68000,9714.285714285714,Daily_Consumption,direct discount,2022-11-08 12:12:04.179,2022-12-04 10:50:45.183,0.2537313432835821,0.8571428571428571,0.5714285714285714,1.0,0.0,8.571428571428571,833364.0,45000.0,0.4666666666666667,1.8571428571428568,2.571428571428572
10356,1,57992,57992.0,57992.0,20000,20000.0,Obligation_Payment,voucher,2022-11-07 20:23:47.445,2022-11-07 20:23:47.445,0.3448751551938198,0.0,0.0,0.0,0.0,0.0,0.0,0.0,0.0,0.0,0.0
10358,2,100000,50000.0,50000.0,30000,15000.0,Goods_Transaction,voucher,2022-11-09 00:38:22.337,2022-11-11 22:00:02.475,0.3,0.0,0.0,0.0,0.0,0.0,0.0,0.0,0.0,0.0,0.0
10359,1,177130,177130.0,177130.0,20000,20000.0,Goods_Transaction,voucher,2022-11-11 21:22:18.689,2022-11-11 21:22:18.689,0.1129114209902331,1.0,1.0,1.0,0.0,4.0,1757050.0,60000.0,0.5,2.0,2.0
10360,5,496074,99214.8,59800.0,75000,15000.0,Goods_Transaction,voucher,2022-11-03 12:18:46.825,2022-11-11 22:41:05.071,0.1511871212762612,0.8,0.6,0.8,0.0,1.4,154125.0,3000.0,0.7142857142857143,1.4,1.4
10390,2,230000,115000.0,115000.0,50000,25000.0,Unknown_Group,direct discount,2022-11-17 11:20:50.149,2022-11-21 13:10:47.085,0.217391304347826,0.5,0.0,0.0,0.0,1.0,112500.0,10000.0,0.5,1.0,1.0
10391,7,523000,74714.28571428571,76000.0,280000,40000.0,Interactive_Service,voucher,2022-11-11 13:07:13.437,2022-11-30 10:48:05.058,0.5353728489483748,0.1428571428571428,0.0,0.1428571428571428,0.0,0.5714285714285714,3528.5714285714284,0.0,1.0,0.1428571428571428,0.1428571428571428
10396,31,31000,1000.0,1000.0,30690,990.0,Goods_Transaction,voucher,2022-11-02 16:42:43.093,2022-12-31 02:21:02.981,0.99,0.3225806451612903,0.2068965517241379,0.32,0.0,0.7741935483870968,8870.967741935483,515.8064516129032,0.875,0.4193548387096774,0.4516129032258064
10398,31,3533279,113976.74193548386,95000.0,465000,15000.0,Goods_Transaction,voucher,2022-11-07 18:11:17.558,2022-11-12 12:09:19.409,0.1316057973344307,0.7419354838709677,0.2903225806451613,0.6129032258064516,0.0,3.5161290322580645,380868.48387096776,7645.16129032258,0.8899082568807339,1.1612903225806452,1.3870967741935485
10399,9,528000,58666.66666666666,30000.0,189000,21000.0,Internal_Service,voucher,2022-11-15 11:10:29.571,2022-11-22 11:48:32.974,0.3579545454545454,0.6666666666666666,0.5555555555555556,0.6666666666666666,0.0,6.888888888888889,252555.5555555556,1111.111111111111,0.9838709677419356,0.7777777777777778,1.0
10404,11,2683000,243909.0909090909,161000.0,275000,25000.0,Unknown_Group,direct discount,2022-11-06 09:57:33.915,2022-11-09 21:02:57.640,0.1024972046216921,0.3636363636363636,0.1818181818181818,0.3636363636363636,0.0,0.6363636363636364,84245.45454545454,0.0,1.0,0.3636363636363636,0.4545454545454545
10406,2,53680000,26840000.0,26840000.0,1000000,500000.0,Goods_Transaction,direct discount,2022-12-09 15:41:45.680,2022-12-31 17:59:16.738,0.018628912071535,0.5,1.0,0.0,0.0,0.5,1758000.0,0.0,1.0,0.5,0.5
10413,10,3044000,304400.0,200000.0,400000,40000.0,Interactive_Service,direct discount,2022-11-09 09:02:31.496,2022-11-16 18:01:27.523,0.1314060446780552,0.8,0.6,0.8,0.0,5.1,769848.4,3000.0,0.9607843137254902,1.2,1.2
10414,13,6483072,498697.8461538461,420000.0,650000,50000.0,Mobility_Service,direct discount,2022-11-09 13:06:05.803,2022-12-29 09:45:59.439,0.100261110782049,0.4615384615384615,0.25,0.375,0.0,1.3076923076923077,383074.1538461539,7692.307692307692,0.8235294117647058,0.6153846153846154,0.6923076923076923
10425,14,1660000,118571.42857142857,125000.0,834000,59571.42857142857,Unknown_Group,direct discount,2022-11-19 19:17:18.530,2022-11-28 15:16:59.663,0.5024096385542168,0.2857142857142857,0.1428571428571428,0.2857142857142857,0.0,0.4285714285714285,29857.14285714286,0.0,1.0,0.2857142857142857,0.2857142857142857
10429,1,35000,35000.0,35000.0,15000,15000.0,Daily_Consumption,direct discount,2022-11-19 12:03:52.788,2022-11-19 12:03:52.788,0.4285714285714285,0.0,0.0,0.0,0.0,0.0,0.0,0.0,0.0,0.0,0.0
10431,4,1068300,267075.0,118500.0,60000,15000.0,Goods_Transaction,direct discount,2022-11-21 15:31:52.160,2022-11-26 10:39:31.142,0.05616399887672,0.0,0.0,0.0,0.0,0.0,0.0,0.0,0.0,0.0,0.0
10433,47,14380041,305958.3191489362,100000.0,940000,20000.0,Goods_Transaction,voucher,2022-11-08 15:25:04.226,2022-11-14 14:00:29.162,0.0653683810776339,0.7446808510638298,0.4042553191489361,0.6382978723404256,0.0,9.297872340425531,1563931.5531914893,8468.08510638298,0.94279176201373,1.2765957446808511,1.553191489361702
10434,6,1800000,300000.0,300000.0,180000,30000.0,Interactive_Service,direct discount,2022-11-15 22:31:36.924,2022-11-28 20:06:38.904,0.1,0.6666666666666666,0.1666666666666666,0.6666666666666666,0.0,2.0,305833.3333333333,3333.333333333333,0.9166666666666666,0.6666666666666666,0.6666666666666666
10436,4,200000,50000.0,50000.0,60000,15000.0,Daily_Consumption,direct discount,2022-11-16 14:48:26.671,2022-12-14 07:35:39.776,0.3,0.5,0.0,0.6666666666666666,0.0,1.0,42500.0,0.0,1.0,1.0,1.0
10440,1,326900,326900.0,326900.0,20000,20000.0,Goods_Transaction,direct discount,2022-12-15 19:03:23.783,2022-12-15 19:03:23.783,0.061180789232181,0.0,0.0,0.0,0.0,0.0,0.0,0.0,0.0,0.0,0.0
10441,1,704500,704500.0,704500.0,25000,25000.0,Goods_Transaction,direct discount,2022-12-11 00:20:54.437,2022-12-11 00:20:54.437,0.0354861603974449,0.0,0.0,0.0,0.0,0.0,0.0,0.0,0.0,0.0,0.0
10443,92,28449609,309234.8804347826,204911.5,4600000,50000.0,Obligation_Payment,direct discount,2022-11-10 12:31:30.163,2022-12-31 17:25:13.283,0.1616893926380499,0.0760869565217391,0.0561797752808988,0.0140845070422535,0.0,0.1847826086956521,33462.25,1844.5652173913045,0.2941176470588235,0.108695652173913,0.1630434782608695
10475,1,80000,80000.0,80000.0,17000,17000.0,Unknown_Group,direct discount,2022-12-06 11:01:00.831,2022-12-06 11:01:00.831,0.2125,0.0,0.0,0.0,0.0,0.0,0.0,0.0,0.0,0.0,0.0
10478,1,40000,40000.0,40000.0,10000,10000.0,Goods_Transaction,voucher,2022-12-11 15:18:00.956,2022-12-11 15:18:00.956,0.25,0.0,0.0,0.0,0.0,0.0,0.0,0.0,0.0,0.0,0.0
10480,8,950000,118750.0,100000.0,240000,30000.0,Interactive_Service,direct discount,2022-11-16 07:55:18.945,2022-11-30 13:25:23.464,0.2526315789473684,0.375,0.125,0.375,0.0,3.375,2754104.25,7500.0,0.8888888888888888,0.375,0.5
10487,1,430000,430000.0,430000.0,10000,10000.0,Goods_Transaction,voucher,2022-12-09 13:59:07.209,2022-12-09 13:59:07.209,0.0232558139534883,0.0,0.0,0.0,0.0,0.0,0.0,0.0,0.0,0.0,0.0
10488,4,70000,17500.0,20000.0,20000,5000.0,Access_Service,voucher,2022-12-03 12:26:22.725,2022-12-07 11:57:47.464,0.2857142857142857,0.0,0.0,0.0,0.0,0.0,0.0,0.0,0.0,0.0,0.0
10493,2,664000,332000.0,332000.0,40000,20000.0,Goods_Transaction,direct discount,2022-12-20 19:52:42.882,2022-12-31 15:27:04.510,0.0602409638554216,0.0,0.0,0.0,0.0,0.0,0.0,0.0,0.0,0.0,0.0
10494,5,1216000,243200.0,57000.0,100000,20000.0,Interactive_Service,direct discount,2022-11-17 09:37:31.096,2022-11-29 12:50:19.398,0.0822368421052631,0.8,0.4,0.8,0.0,8.4,577400.0,0.0,1.0,1.0,1.0
10497,2,440000,220000.0,220000.0,40000,20000.0,Goods_Transaction,voucher,2022-12-04 10:54:45.021,2022-12-08 14:41:32.314,0.0909090909090909,0.0,0.0,0.0,0.0,0.0,0.0,0.0,0.0,0.0,0.0
10498,1,390200,390200.0,390200.0,20000,20000.0,Goods_Transaction,direct discount,2022-12-19 01:10:05.469,2022-12-19 01:10:05.469,0.0512557662737057,0.0,0.0,0.0,0.0,0.0,0.0,0.0,0.0,0.0,0.0
10511,1,167394,167394.0,167394.0,10000,10000.0,Goods_Transaction,voucher,2022-11-23 19:17:17.868,2022-11-23 19:17:17.868,0.0597392977048161,1.0,1.0,1.0,0.0,16.0,948911.0,271000.0,0.0,6.0,12.0
10523,1,15000,15000.0,15000.0,5000,5000.0,Access_Service,voucher,2022-12-26 11:28:20.524,2022-12-26 11:28:20.524,0.3333333333333333,0.0,0.0,0.0,0.0,0.0,0.0,0.0,0.0,0.0,0.0
10524,47,810000,17234.042553191488,20000.0,94000,2000.0,Access_Service,voucher,2022-12-06 11:18:24.578,2022-12-28 20:39:37.465,0.1160493827160493,0.3829787234042553,0.3043478260869565,0.0,0.0,1.0,115494.9574468085,12085.106382978724,0.425531914893617,0.5957446808510638,0.7446808510638298
10526,3,391849,130616.33333333331,158030.0,45000,15000.0,Obligation_Payment,voucher,2022-12-07 09:54:46.976,2022-12-21 09:02:55.480,0.1148401552638899,0.6666666666666666,0.6666666666666666,0.0,0.0,1.6666666666666667,52716.66666666666,25666.666666666668,0.0,1.3333333333333333,1.6666666666666667
10528,1,50000,50000.0,50000.0,20000,20000.0,Goods_Transaction,voucher,2022-12-30 18:46:43.738,2022-12-30 18:46:43.738,0.4,0.0,0.0,0.0,0.0,0.0,0.0,0.0,0.0,0.0,0.0
10532,2,65552,32776.0,32776.0,30000,15000.0,Goods_Transaction,voucher,2022-12-08 12:26:47.105,2022-12-08 15:28:31.732,0.4576519404442274,0.0,0.0,0.0,0.0,0.0,0.0,0.0,0.0,0.0,0.0
10533,1,32000,32000.0,32000.0,15000,15000.0,OnDemand_Service,voucher,2022-12-08 15:59:32.803,2022-12-08 15:59:32.803,0.46875,0.0,0.0,0.0,0.0,0.0,0.0,0.0,0.0,0.0,0.0
10536,1,50000,50000.0,50000.0,20000,20000.0,Goods_Transaction,voucher,2022-12-07 13:34:45.712,2022-12-07 13:34:45.712,0.4,0.0,0.0,0.0,0.0,0.0,0.0,0.0,0.0,0.0,0.0
10540,47,740000,15744.68085106383,20000.0,94000,2000.0,Access_Service,voucher,2022-12-06 13:03:05.985,2022-12-28 13:35:59.219,0.127027027027027,0.2340425531914893,0.1428571428571428,0.0,0.0,0.4680851063829787,39586.085106382976,5063.829787234043,0.3181818181818182,0.3617021276595745,0.4680851063829787
10548,1,400000,400000.0,400000.0,10000,10000.0,Obligation_Payment,voucher,2022-12-20 16:56:21.054,2022-12-20 16:56:21.054,0.025,0.0,0.0,0.0,0.0,0.0,0.0,0.0,0.0,0.0,0.0
10552,2,224000,112000.0,112000.0,20000,10000.0,OnDemand_Service,voucher,2022-12-23 16:49:37.312,2022-12-25 12:17:42.787,0.0892857142857142,0.5,1.0,0.0,0.0,1.0,158400.0,0.0,1.0,1.0,1.0
10602,1,170100,170100.0,170100.0,30000,30000.0,Daily_Consumption,direct discount,2022-12-24 20:57:08.674,2022-12-24 20:57:08.674,0.1763668430335097,0.0,0.0,0.0,0.0,0.0,0.0,0.0,0.0,0.0,0.0
10603,3,3060715,1020238.3333333334,867600.0,75000,25000.0,Goods_Transaction,voucher,2022-12-04 19:50:37.376,2022-12-21 10:22:52.332,0.0245040782954309,0.0,0.0,0.0,0.0,0.0,0.0,0.0,0.0,0.0,0.0
10606,7,7000,1000.0,1000.0,6993,999.0,Goods_Transaction,voucher,2022-12-01 13:13:22.001,2022-12-25 03:53:08.610,0.999,0.8571428571428571,0.8333333333333334,0.0,0.0,3.571428571428572,18642.85714285714,1857.142857142857,0.92,1.0,1.7142857142857142
10608,31,520000,16774.1935483871,20000.0,93000,3000.0,Access_Service,voucher,2022-12-09 04:55:36.344,2022-12-27 20:24:34.467,0.1788461538461538,0.1290322580645161,0.0769230769230769,0.0,0.0,0.3548387096774194,26561.70967741936,1935.483870967742,0.4545454545454545,0.1290322580645161,0.2580645161290322
10609,4,43000,10750.0,10000.0,20000,5000.0,Access_Service,voucher,2022-12-12 17:51:25.114,2022-12-22 15:52:17.138,0.4651162790697674,0.0,0.0,0.0,0.0,0.0,0.0,0.0,0.0,0.0,0.0
10610,1,442843,442843.0,442843.0,25000,25000.0,Obligation_Payment,voucher,2022-12-12 23:00:23.173,2022-12-12 23:00:23.173,0.0564534157703746,0.0,0.0,0.0,0.0,0.0,0.0,0.0,0.0,0.0,0.0
10619,1,36000,36000.0,36000.0,15000,15000.0,Goods_Transaction,voucher,2022-12-18 19:33:42.345,2022-12-18 19:33:42.345,0.4166666666666667,0.0,0.0,0.0,0.0,0.0,0.0,0.0,0.0,0.0,0.0
10625,1,50000,50000.0,50000.0,20000,20000.0,Goods_Transaction,voucher,2022-12-11 13:36:26.986,2022-12-11 13:36:26.986,0.4,1.0,1.0,0.0,0.0,2.0,313428.0,120000.0,0.0,2.0,2.0
10632,184,94513000,513657.60869565216,334966.5,9200000,50000.0,Obligation_Payment,voucher,2022-11-29 18:46:41.819,2022-12-27 22:41:48.287,0.0973411065144477,0.1630434782608695,0.1132075471698113,0.25,0.0,0.4021739130434782,102921.95108695651,1913.0434782608693,0.6216216216216216,0.233695652173913,0.2880434782608695
10636,46,12931850,281127.17391304346,259000.0,1150000,25000.0,Unknown_Group,direct discount,2022-12-05 19:54:49.397,2022-12-31 21:39:42.293,0.0889277249581459,0.1739130434782608,0.125,0.0,0.0,0.1739130434782608,23454.34782608696,217.3913043478261,0.875,0.1739130434782608,0.1739130434782608
10637,44,7642000,173681.81818181818,125000.0,1879000,42704.545454545456,Unknown_Group,direct discount,2022-12-08 20:47:22.303,2022-12-31 21:29:05.416,0.2458780423972782,0.1590909090909091,0.1212121212121212,0.0,0.0,0.1818181818181818,16953.18181818182,0.0,1.0,0.1590909090909091,0.1590909090909091
10641,1,57000,57000.0,57000.0,33000,33000.0,Daily_Consumption,direct discount,2022-12-11 10:55:00.998,2022-12-11 10:55:00.998,0.5789473684210527,1.0,1.0,0.0,0.0,1.0,55000.0,0.0,1.0,1.0,1.0
10646,3,615600,205200.0,149000.0,90000,30000.0,Goods_Transaction,direct discount,2022-12-13 13:02:45.401,2022-12-31 13:06:13.459,0.1461988304093567,0.0,0.0,0.0,0.0,0.0,0.0,0.0,0.0,0.0,0.0
10669,1,22000,22000.0,22000.0,10000,10000.0,Internal_Service,voucher,2022-12-13 09:47:05.102,2022-12-13 09:47:05.102,0.4545454545454545,1.0,1.0,0.0,0.0,6.0,188000.0,0.0,1.0,2.0,3.0
10670,109,7129500,65408.25688073395,57000.0,4360000,40000.0,Interactive_Service,direct discount,2022-12-07 10:38:57.349,2022-12-31 22:34:16.307,0.6115435865067677,0.1009174311926605,0.074074074074074,0.0,0.0,0.4036697247706422,110515.9633027523,5137.614678899083,0.5227272727272727,0.1559633027522936,0.2293577981651376
10675,153,15192700,99298.69281045752,95000.0,13770000,90000.0,Interactive_Service,direct discount,2022-12-09 16:46:01.511,2022-12-22 16:49:33.430,0.9063563421906572,0.0718954248366013,0.0522875816993464,0.0,0.0,0.3464052287581699,70846.11111111111,5849.673202614379,0.0943396226415094,0.1895424836601307,0.3202614379084967
10677,13,2100000,161538.46153846153,100000.0,390000,30000.0,Interactive_Service,direct discount,2022-12-09 11:40:16.150,2022-12-25 20:23:10.195,0.1857142857142857,0.3846153846153846,0.3333333333333333,0.0,0.0,2.5384615384615383,289288.0,8076.923076923077,0.7878787878787878,0.6153846153846154,0.8461538461538461
10678,1,95000,95000.0,95000.0,45000,45000.0,Interactive_Service,direct discount,2022-12-11 17:30:34.990,2022-12-11 17:30:34.990,0.4736842105263157,0.0,0.0,0.0,0.0,0.0,0.0,0.0,0.0,0.0,0.0
10692,1,42000,42000.0,42000.0,5000,5000.0,Access_Service,voucher,2022-12-21 21:12:59.992,2022-12-21 21:12:59.992,0.119047619047619,0.0,0.0,0.0,0.0,0.0,0.0,0.0,0.0,0.0,0.0
10712,1,12000,12000.0,12000.0,5000,5000.0,Internal_Service,voucher,2022-12-13 11:36:09.605,2022-12-13 11:36:09.605,0.4166666666666667,1.0,1.0,0.0,0.0,10.0,416250.0,0.0,1.0,3.0,4.0
10759,1,50000,50000.0,50000.0,10000,10000.0,Goods_Transaction,voucher,2022-12-29 23:10:18.131,2022-12-29 23:10:18.131,0.2,0.0,0.0,0.0,0.0,0.0,0.0,0.0,0.0,0.0,0.0
10831,3,525458,175152.66666666666,125458.0,150000,50000.0,Obligation_Payment,voucher,2022-12-28 17:42:34.423,2022-12-31 09:14:02.276,0.2854652512665142,0.0,0.0,0.0,0.0,0.0,0.0,0.0,0.0,0.0,0.0
